HostName,TimeStamp,Device:,rrqm/s,wrqm/s,r/s,w/s,rkB/s,wkB/s,avgrq-sz,avgqu-sz,await,r_await,w_await,svctm,%util
bigdata-proj-m,0,sda,0.00,13.81,10.75,9.67,145.09,227.52,36.49,0.17,8.42,2.64,14.85,0.86,1.76
bigdata-proj-m,1,sda,0.00,0.00,0.00,1.00,0.00,32.00,64.00,0.00,4.00,0.00,4.00,4.00,0.40
bigdata-proj-m,2,sda,0.00,0.00,0.00,0.00,0.00,0.00,0.00,0.00,0.00,0.00,0.00,0.00,0.00
bigdata-proj-m,3,sda,0.00,0.00,0.00,0.00,0.00,0.00,0.00,0.00,0.00,0.00,0.00,0.00,0.00
bigdata-proj-m,4,sda,0.00,57.00,0.00,43.00,0.00,404.00,18.79,0.22,5.21,0.00,5.21,0.37,1.60
bigdata-proj-m,5,sda,0.00,0.00,0.00,0.00,0.00,0.00,0.00,0.00,0.00,0.00,0.00,0.00,0.00
bigdata-proj-m,6,sda,0.00,0.00,0.00,25.00,0.00,412.00,32.96,0.02,0.64,0.00,0.64,0.64,1.60
bigdata-proj-m,7,sda,0.00,27.00,0.00,5.00,0.00,128.00,51.20,0.00,0.00,0.00,0.00,0.00,0.00
bigdata-proj-m,8,sda,0.00,0.00,0.00,0.00,0.00,0.00,0.00,0.00,0.00,0.00,0.00,0.00,0.00
bigdata-proj-m,9,sda,0.00,0.00,0.00,0.00,0.00,0.00,0.00,0.00,0.00,0.00,0.00,0.00,0.00
bigdata-proj-m,10,sda,0.00,0.00,3.00,3.00,184.00,8.00,64.00,0.01,2.00,4.00,0.00,0.67,0.40
bigdata-proj-m,11,sda,0.00,23.00,0.00,19.00,0.00,208.00,21.89,0.02,0.84,0.00,0.84,0.84,1.60
bigdata-proj-m,12,sda,0.00,0.00,0.00,5.00,0.00,108.00,43.20,0.01,1.60,0.00,1.60,1.60,0.80
bigdata-proj-m,13,sda,0.00,0.00,0.00,0.00,0.00,0.00,0.00,0.00,0.00,0.00,0.00,0.00,0.00
bigdata-proj-m,14,sda,0.00,0.00,0.00,8.00,0.00,16.00,4.00,0.00,0.00,0.00,0.00,0.00,0.00
bigdata-proj-m,15,sda,0.00,0.00,0.00,12.00,0.00,160.00,26.67,0.00,0.33,0.00,0.33,0.33,0.40
bigdata-proj-m,16,sda,0.00,38.00,0.00,14.00,0.00,188.00,26.86,0.01,0.57,0.00,0.57,0.57,0.80
bigdata-proj-m,17,sda,0.00,0.00,0.00,0.00,0.00,0.00,0.00,0.00,0.00,0.00,0.00,0.00,0.00
bigdata-proj-m,18,sda,0.00,0.00,0.00,7.00,0.00,112.00,32.00,0.00,0.00,0.00,0.00,0.00,0.00
bigdata-proj-m,19,sda,0.00,0.00,0.00,0.00,0.00,0.00,0.00,0.00,0.00,0.00,0.00,0.00,0.00
bigdata-proj-m,20,sda,0.00,0.00,0.00,0.00,0.00,0.00,0.00,0.00,0.00,0.00,0.00,0.00,0.00
bigdata-proj-m,21,sda,0.00,53.00,0.00,22.00,0.00,260.00,23.64,0.02,0.73,0.00,0.73,0.73,1.60
bigdata-proj-m,22,sda,0.00,0.00,0.00,22.00,0.00,44.00,4.00,0.00,0.18,0.00,0.18,0.18,0.40
bigdata-proj-m,23,sda,0.00,0.00,0.00,47.00,0.00,1680.00,71.49,0.10,2.13,0.00,2.13,1.02,4.80
bigdata-proj-m,24,sda,0.00,0.00,0.00,51.00,0.00,200.00,7.84,0.04,0.71,0.00,0.71,0.71,3.60
bigdata-proj-m,25,sda,0.00,0.00,0.00,60.00,0.00,124.00,4.13,0.03,0.47,0.00,0.47,0.47,2.80
bigdata-proj-m,26,sda,0.00,71.00,0.00,71.00,0.00,436.00,12.28,0.01,0.17,0.00,0.17,0.11,0.80
bigdata-proj-m,27,sda,0.00,0.00,0.00,64.00,0.00,132.00,4.12,0.03,0.44,0.00,0.44,0.44,2.80
bigdata-proj-m,28,sda,0.00,0.00,0.00,66.00,0.00,136.00,4.12,0.02,0.36,0.00,0.36,0.36,2.40
bigdata-proj-m,29,sda,0.00,0.00,0.00,70.00,0.00,140.00,4.00,0.03,0.40,0.00,0.40,0.40,2.80
bigdata-proj-m,30,sda,0.00,4.00,0.00,70.00,0.00,228.00,6.51,0.03,0.46,0.00,0.46,0.46,3.20
bigdata-proj-m,31,sda,0.00,45.00,0.00,73.00,0.00,432.00,11.84,0.05,0.71,0.00,0.71,0.66,4.80
bigdata-proj-m,32,sda,0.00,0.00,0.00,72.00,0.00,148.00,4.11,0.02,0.28,0.00,0.28,0.28,2.00
bigdata-proj-m,33,sda,0.00,0.00,0.00,72.00,0.00,148.00,4.11,0.02,0.22,0.00,0.22,0.22,1.60
bigdata-proj-m,34,sda,0.00,0.00,0.00,72.00,0.00,148.00,4.11,0.02,0.33,0.00,0.33,0.33,2.40
bigdata-proj-m,35,sda,0.00,8.00,0.00,84.00,0.00,1348.00,32.10,0.04,0.43,0.00,0.43,0.33,2.80
bigdata-proj-m,36,sda,0.00,0.00,0.00,78.00,0.00,160.00,4.10,0.04,0.56,0.00,0.56,0.56,4.40
bigdata-proj-m,37,sda,0.00,16.00,0.00,85.00,0.00,340.00,8.00,0.02,0.19,0.00,0.19,0.19,1.60
bigdata-proj-m,38,sda,0.00,0.00,0.00,70.00,0.00,144.00,4.11,0.04,0.51,0.00,0.51,0.51,3.60
bigdata-proj-m,39,sda,0.00,0.00,0.00,76.00,0.00,156.00,4.11,0.03,0.42,0.00,0.42,0.37,2.80
bigdata-proj-m,40,sda,0.00,75.00,0.00,103.00,0.00,1940.00,37.67,0.22,2.17,0.00,2.17,0.43,4.40
bigdata-proj-m,41,sda,0.00,0.00,0.00,68.00,0.00,140.00,4.12,0.04,0.65,0.00,0.65,0.65,4.40
bigdata-proj-m,42,sda,0.00,27.00,0.00,72.00,0.00,260.00,7.22,0.04,0.61,0.00,0.61,0.61,4.40
bigdata-proj-m,43,sda,0.00,0.00,1.00,77.00,96.00,256.00,9.03,0.09,1.18,48.00,0.57,1.18,9.20
bigdata-proj-m,44,sda,0.00,0.00,0.00,70.00,0.00,144.00,4.11,0.03,0.51,0.00,0.51,0.46,3.20
bigdata-proj-m,45,sda,0.00,0.00,0.00,87.00,0.00,1340.00,30.80,0.06,0.69,0.00,0.69,0.41,3.60
bigdata-proj-m,46,sda,0.00,0.00,0.00,78.00,0.00,160.00,4.10,0.02,0.31,0.00,0.31,0.31,2.40
bigdata-proj-m,47,sda,0.00,37.00,0.00,80.00,0.00,316.00,7.90,0.03,0.35,0.00,0.35,0.35,2.80
bigdata-proj-m,48,sda,0.00,0.00,0.00,72.00,0.00,148.00,4.11,0.02,0.33,0.00,0.33,0.33,2.40
bigdata-proj-m,49,sda,0.00,0.00,0.00,73.00,0.00,248.00,6.79,0.04,0.60,0.00,0.60,0.60,4.40
bigdata-proj-m,50,sda,0.00,0.00,0.00,67.00,0.00,140.00,4.18,0.03,0.48,0.00,0.48,0.42,2.80
bigdata-proj-m,51,sda,0.00,0.00,0.00,79.00,0.00,1380.00,34.94,0.04,0.46,0.00,0.46,0.41,3.20
bigdata-proj-m,52,sda,0.00,24.00,0.00,74.00,0.00,252.00,6.81,0.04,0.54,0.00,0.54,0.54,4.00
bigdata-proj-m,53,sda,0.00,0.00,0.00,66.00,0.00,136.00,4.12,0.02,0.36,0.00,0.36,0.36,2.40
bigdata-proj-m,54,sda,0.00,0.00,0.00,72.00,0.00,148.00,4.11,0.02,0.33,0.00,0.33,0.33,2.40
bigdata-proj-m,55,sda,0.00,0.00,0.00,81.00,0.00,264.00,6.52,0.03,0.35,0.00,0.35,0.35,2.80
bigdata-proj-m,56,sda,0.00,0.00,0.00,85.00,0.00,1380.00,32.47,0.08,0.94,0.00,0.94,0.71,6.00
bigdata-proj-m,57,sda,0.00,24.00,0.00,92.00,0.00,288.00,6.26,0.04,0.39,0.00,0.39,0.39,3.60
bigdata-proj-m,58,sda,0.00,0.00,0.00,74.00,0.00,152.00,4.11,0.03,0.38,0.00,0.38,0.38,2.80
bigdata-proj-m,59,sda,0.00,0.00,0.00,76.00,0.00,156.00,4.11,0.04,0.47,0.00,0.47,0.47,3.60
bigdata-proj-m,60,sda,0.00,0.00,0.00,74.00,0.00,152.00,4.11,0.01,0.16,0.00,0.16,0.16,1.20
bigdata-proj-m,61,sda,0.00,0.00,0.00,78.00,0.00,160.00,4.10,0.01,0.10,0.00,0.10,0.10,0.80
bigdata-proj-m,62,sda,0.00,7.00,0.00,85.00,0.00,304.00,7.15,0.03,0.38,0.00,0.38,0.38,3.20
bigdata-proj-m,63,sda,0.00,0.00,0.00,74.00,0.00,152.00,4.11,0.07,0.97,0.00,0.97,0.97,7.20
bigdata-proj-m,64,sda,0.00,0.00,0.00,74.00,0.00,152.00,4.11,0.02,0.22,0.00,0.22,0.22,1.60
bigdata-proj-m,65,sda,0.00,0.00,0.00,72.00,0.00,148.00,4.11,0.03,0.44,0.00,0.44,0.44,3.20
bigdata-proj-m,66,sda,0.00,5.00,0.00,85.00,0.00,1300.00,30.59,0.08,0.89,0.00,0.89,0.61,5.20
bigdata-proj-m,67,sda,0.00,24.00,0.00,80.00,0.00,264.00,6.60,0.04,0.55,0.00,0.55,0.55,4.40
bigdata-proj-m,68,sda,0.00,0.00,0.00,73.00,0.00,244.00,6.68,0.04,0.55,0.00,0.55,0.55,4.00
bigdata-proj-m,69,sda,0.00,0.00,0.00,72.00,0.00,148.00,4.11,0.02,0.22,0.00,0.22,0.22,1.60
bigdata-proj-m,70,sda,0.00,0.00,0.00,76.00,0.00,156.00,4.11,0.04,0.47,0.00,0.47,0.47,3.60
bigdata-proj-m,71,sda,0.00,0.00,0.00,74.00,0.00,1416.00,38.27,0.05,0.70,0.00,0.70,0.32,2.40
bigdata-proj-m,72,sda,0.00,22.00,0.00,72.00,0.00,240.00,6.67,0.02,0.33,0.00,0.33,0.33,2.40
bigdata-proj-m,73,sda,0.00,0.00,0.00,72.00,0.00,148.00,4.11,0.04,0.61,0.00,0.61,0.61,4.40
bigdata-proj-m,74,sda,0.00,0.00,0.00,67.00,0.00,236.00,7.04,0.03,0.42,0.00,0.42,0.42,2.80
bigdata-proj-m,75,sda,0.00,0.00,0.00,70.00,0.00,144.00,4.11,0.03,0.46,0.00,0.46,0.46,3.20
bigdata-proj-m,76,sda,0.00,4.00,0.00,116.00,0.00,2504.00,43.17,0.24,2.03,0.00,2.03,0.59,6.80
bigdata-proj-m,77,sda,0.00,37.00,0.00,76.00,0.00,308.00,8.11,0.04,0.53,0.00,0.53,0.53,4.00
bigdata-proj-m,78,sda,0.00,0.00,0.00,66.00,0.00,132.00,4.00,0.04,0.67,0.00,0.67,0.67,4.40
bigdata-proj-m,79,sda,0.00,0.00,0.00,72.00,0.00,148.00,4.11,0.03,0.39,0.00,0.39,0.39,2.80
bigdata-proj-m,80,sda,0.00,0.00,0.00,67.00,0.00,236.00,7.04,0.04,0.54,0.00,0.54,0.54,3.60
bigdata-proj-m,81,sda,0.00,0.00,0.00,75.00,0.00,1200.00,32.00,0.02,0.27,0.00,0.27,0.27,2.00
bigdata-proj-m,82,sda,0.00,22.00,0.00,74.00,0.00,244.00,6.59,0.03,0.43,0.00,0.43,0.43,3.20
bigdata-proj-m,83,sda,0.00,0.00,0.00,64.00,0.00,132.00,4.12,0.01,0.19,0.00,0.19,0.19,1.20
bigdata-proj-m,84,sda,0.00,0.00,0.00,73.00,0.00,152.00,4.16,0.04,0.49,0.00,0.49,0.49,3.60
bigdata-proj-m,85,sda,0.00,0.00,0.00,72.00,0.00,148.00,4.11,0.03,0.44,0.00,0.44,0.39,2.80
bigdata-proj-m,86,sda,0.00,0.00,0.00,73.00,0.00,244.00,6.68,0.04,0.49,0.00,0.49,0.49,3.60
bigdata-proj-m,87,sda,0.00,19.00,0.00,74.00,0.00,232.00,6.27,0.06,0.76,0.00,0.76,0.76,5.60
bigdata-proj-m,88,sda,0.00,0.00,0.00,70.00,0.00,144.00,4.11,0.02,0.29,0.00,0.29,0.29,2.00
bigdata-proj-m,89,sda,0.00,0.00,0.00,64.00,0.00,132.00,4.12,0.03,0.50,0.00,0.50,0.50,3.20
bigdata-proj-m,90,sda,0.00,0.00,0.00,72.00,0.00,148.00,4.11,0.04,0.50,0.00,0.50,0.50,3.60
bigdata-proj-m,91,sda,0.00,0.00,0.00,87.00,0.00,1232.00,28.32,0.04,0.46,0.00,0.46,0.41,3.60
bigdata-proj-m,92,sda,0.00,13.00,0.00,82.00,0.00,224.00,5.46,0.02,0.24,0.00,0.24,0.24,2.00
bigdata-proj-m,93,sda,0.00,0.00,0.00,89.00,0.00,280.00,6.29,0.04,0.40,0.00,0.40,0.40,3.60
bigdata-proj-m,94,sda,0.00,0.00,0.00,64.00,0.00,132.00,4.12,0.02,0.31,0.00,0.31,0.31,2.00
bigdata-proj-m,95,sda,0.00,0.00,0.00,8.00,0.00,16.00,4.00,0.00,0.00,0.00,0.00,0.00,0.00
bigdata-proj-m,96,sda,0.00,0.00,0.00,14.00,0.00,28.00,4.00,0.00,0.29,0.00,0.29,0.29,0.40
HostName,TimeStamp,Device:,rrqm/s,wrqm/s,r/s,w/s,rkB/s,wkB/s,avgrq-sz,avgqu-sz,await,r_await,w_await,svctm,%util
bigdata-proj-w-0,97,sda,0.00,23.60,9.23,14.57,105.03,240.32,29.02,0.16,6.56,2.34,9.24,0.77,1.83
bigdata-proj-w-0,98,sda,0.00,0.00,0.00,0.00,0.00,0.00,0.00,0.00,0.00,0.00,0.00,0.00,0.00
bigdata-proj-w-0,99,sda,0.00,0.00,0.00,0.00,0.00,0.00,0.00,0.00,0.00,0.00,0.00,0.00,0.00
bigdata-proj-w-0,100,sda,0.00,24.00,0.00,2.00,0.00,104.00,104.00,0.00,0.00,0.00,0.00,0.00,0.00
bigdata-proj-w-0,101,sda,0.00,0.00,0.00,0.00,0.00,0.00,0.00,0.00,0.00,0.00,0.00,0.00,0.00
bigdata-proj-w-0,102,sda,0.00,8.00,0.00,26.00,0.00,196.00,15.08,0.05,1.85,0.00,1.85,0.15,0.40
bigdata-proj-w-0,103,sda,0.00,0.00,0.00,0.00,0.00,0.00,0.00,0.00,0.00,0.00,0.00,0.00,0.00
bigdata-proj-w-0,104,sda,0.00,0.00,0.00,0.00,0.00,0.00,0.00,0.00,0.00,0.00,0.00,0.00,0.00
bigdata-proj-w-0,105,sda,0.00,63.00,0.00,0.00,0.00,0.00,0.00,0.00,0.00,0.00,0.00,0.00,0.00
bigdata-proj-w-0,106,sda,0.00,0.00,0.00,3.00,0.00,264.00,176.00,0.01,2.67,0.00,2.67,1.33,0.40
bigdata-proj-w-0,107,sda,0.00,57.00,0.00,58.00,0.00,1896.00,65.38,0.46,8.00,0.00,8.00,0.41,2.40
bigdata-proj-w-0,108,sda,0.00,39.00,0.00,13.00,0.00,252.00,38.77,0.01,0.62,0.00,0.62,0.62,0.80
bigdata-proj-w-0,109,sda,0.00,38.00,0.00,6.00,0.00,268.00,89.33,0.00,0.67,0.00,0.67,0.67,0.40
bigdata-proj-w-0,110,sda,0.00,0.00,0.00,0.00,0.00,0.00,0.00,0.00,0.00,0.00,0.00,0.00,0.00
bigdata-proj-w-0,111,sda,0.00,53.00,0.00,24.00,0.00,360.00,30.00,0.01,0.50,0.00,0.50,0.50,1.20
bigdata-proj-w-0,112,sda,0.00,0.00,0.00,0.00,0.00,0.00,0.00,0.00,0.00,0.00,0.00,0.00,0.00
bigdata-proj-w-0,113,sda,0.00,24.00,0.00,18.00,0.00,168.00,18.67,0.01,0.67,0.00,0.67,0.67,1.20
bigdata-proj-w-0,114,sda,0.00,0.00,0.00,0.00,0.00,0.00,0.00,0.00,0.00,0.00,0.00,0.00,0.00
bigdata-proj-w-0,115,sda,0.00,18.00,0.00,18.00,0.00,148.00,16.44,0.01,0.44,0.00,0.44,0.44,0.80
bigdata-proj-w-0,116,sda,0.00,0.00,0.00,0.00,0.00,0.00,0.00,0.00,0.00,0.00,0.00,0.00,0.00
bigdata-proj-w-0,117,sda,0.00,0.00,0.00,0.00,0.00,0.00,0.00,0.00,0.00,0.00,0.00,0.00,0.00
bigdata-proj-w-0,118,sda,0.00,90.00,0.00,64.00,0.00,2220.00,69.38,0.05,0.81,0.00,0.81,0.50,3.20
bigdata-proj-w-0,119,sda,0.00,74.00,0.00,61.00,0.00,588.00,19.28,0.04,0.66,0.00,0.66,0.66,4.00
bigdata-proj-w-0,120,sda,0.00,189.00,0.00,120.00,0.00,1340.00,22.33,0.08,0.63,0.00,0.63,0.63,7.60
bigdata-proj-w-0,121,sda,0.00,177.00,0.00,136.00,0.00,1384.00,20.35,0.11,0.76,0.00,0.76,0.79,10.80
bigdata-proj-w-0,122,sda,0.00,226.00,0.00,173.00,0.00,1816.00,20.99,0.10,0.58,0.00,0.58,0.53,9.20
bigdata-proj-w-0,123,sda,0.00,289.00,0.00,177.00,0.00,2076.00,23.46,0.09,0.50,0.00,0.50,0.50,8.80
bigdata-proj-w-0,124,sda,0.00,276.00,0.00,194.00,0.00,2144.00,22.10,0.12,0.60,0.00,0.60,0.58,11.20
bigdata-proj-w-0,125,sda,0.00,171.00,0.00,182.00,0.00,1560.00,17.14,0.14,0.73,0.00,0.73,0.75,13.60
bigdata-proj-w-0,126,sda,0.00,248.00,0.00,206.00,0.00,2092.00,20.31,0.14,0.68,0.00,0.68,0.66,13.60
bigdata-proj-w-0,127,sda,0.00,216.00,0.00,163.00,0.00,1728.00,21.20,0.11,0.66,0.00,0.66,0.66,10.80
bigdata-proj-w-0,128,sda,0.00,328.00,0.00,201.00,0.00,2364.00,23.52,0.12,0.58,0.00,0.58,0.58,11.60
bigdata-proj-w-0,129,sda,0.00,259.00,0.00,207.00,0.00,2144.00,20.71,0.12,0.60,0.00,0.60,0.58,12.00
bigdata-proj-w-0,130,sda,0.00,259.00,0.00,208.00,0.00,2160.00,20.77,0.13,0.62,0.00,0.62,0.62,12.80
bigdata-proj-w-0,131,sda,0.00,357.00,0.00,207.00,0.00,2544.00,24.58,0.12,0.58,0.00,0.58,0.58,12.00
bigdata-proj-w-0,132,sda,0.00,213.00,0.00,220.00,0.00,1952.00,17.75,0.11,0.49,0.00,0.49,0.49,10.80
bigdata-proj-w-0,133,sda,0.00,267.00,0.00,220.00,0.00,2228.00,20.25,0.12,0.56,0.00,0.56,0.55,12.00
bigdata-proj-w-0,134,sda,0.00,292.00,0.00,225.00,0.00,2372.00,21.08,0.14,0.64,0.00,0.64,0.64,14.40
bigdata-proj-w-0,135,sda,0.00,264.00,0.00,201.00,0.00,2132.00,21.21,0.14,0.68,0.00,0.68,0.68,13.60
bigdata-proj-w-0,136,sda,0.00,372.00,0.00,215.00,0.00,2620.00,24.37,0.15,0.69,0.00,0.69,0.69,14.80
bigdata-proj-w-0,137,sda,0.00,197.00,0.00,161.00,0.00,1648.00,20.47,0.12,0.75,0.00,0.75,0.75,12.00
bigdata-proj-w-0,138,sda,0.00,235.00,0.00,203.00,0.00,2048.00,20.18,0.13,0.63,0.00,0.63,0.63,12.80
bigdata-proj-w-0,139,sda,0.00,227.00,0.00,204.00,0.00,1964.00,19.25,0.15,0.73,0.00,0.73,0.73,14.80
bigdata-proj-w-0,140,sda,0.00,210.00,0.00,209.00,0.00,1868.00,17.88,0.10,0.50,0.00,0.50,0.50,10.40
bigdata-proj-w-0,141,sda,0.00,255.00,0.00,202.00,0.00,2092.00,20.71,0.14,0.67,0.00,0.67,0.67,13.60
bigdata-proj-w-0,142,sda,0.00,379.00,0.00,205.00,0.00,2572.00,25.09,0.13,0.64,0.00,0.64,0.64,13.20
bigdata-proj-w-0,143,sda,0.00,393.00,0.00,281.00,0.00,5060.00,36.01,0.43,1.54,0.00,1.54,0.50,14.00
bigdata-proj-w-0,144,sda,0.00,266.00,0.00,209.00,0.00,2188.00,20.94,0.12,0.59,0.00,0.59,0.59,12.40
bigdata-proj-w-0,145,sda,0.00,259.00,0.00,209.00,0.00,2152.00,20.59,0.13,0.61,0.00,0.61,0.59,12.40
bigdata-proj-w-0,146,sda,0.00,277.00,0.00,209.00,0.00,2228.00,21.32,0.12,0.56,0.00,0.56,0.56,11.60
bigdata-proj-w-0,147,sda,0.00,234.00,0.00,184.00,0.00,1920.00,20.87,0.09,0.48,0.00,0.48,0.48,8.80
bigdata-proj-w-0,148,sda,0.00,428.00,0.00,213.00,0.00,3868.00,36.32,0.13,0.60,0.00,0.60,0.60,12.80
bigdata-proj-w-0,149,sda,0.00,253.00,0.00,207.00,0.00,2120.00,20.48,0.12,0.56,0.00,0.56,0.56,11.60
bigdata-proj-w-0,150,sda,0.00,168.00,0.00,185.00,0.00,1576.00,17.04,0.10,0.54,0.00,0.54,0.54,10.00
bigdata-proj-w-0,151,sda,0.00,256.00,0.00,207.00,0.00,2132.00,20.60,0.13,0.64,0.00,0.64,0.64,13.20
bigdata-proj-w-0,152,sda,0.00,302.00,0.00,230.00,0.00,2448.00,21.29,0.14,0.59,0.00,0.59,0.59,13.60
bigdata-proj-w-0,153,sda,0.00,298.00,0.00,235.00,0.00,3480.00,29.62,0.13,0.56,0.00,0.56,0.54,12.80
bigdata-proj-w-0,154,sda,0.00,443.00,0.00,235.00,0.00,2964.00,25.23,0.12,0.53,0.00,0.53,0.53,12.40
bigdata-proj-w-0,155,sda,0.00,228.00,0.00,215.00,0.00,2020.00,18.79,0.12,0.54,0.00,0.54,0.54,11.60
bigdata-proj-w-0,156,sda,0.00,271.00,0.00,214.00,0.00,2232.00,20.86,0.11,0.50,0.00,0.50,0.50,10.80
bigdata-proj-w-0,157,sda,0.00,282.00,0.00,222.00,0.00,2332.00,21.01,0.13,0.58,0.00,0.58,0.58,12.80
bigdata-proj-w-0,158,sda,0.00,278.00,0.00,216.00,0.00,2264.00,20.96,0.14,0.65,0.00,0.65,0.65,14.00
bigdata-proj-w-0,159,sda,0.00,250.00,0.00,233.00,0.00,2180.00,18.71,0.13,0.55,0.00,0.55,0.55,12.80
bigdata-proj-w-0,160,sda,0.00,375.00,0.00,209.00,0.00,2548.00,24.38,0.12,0.57,0.00,0.57,0.57,12.00
bigdata-proj-w-0,161,sda,0.00,313.00,0.00,214.00,0.00,2404.00,22.47,0.14,0.64,0.00,0.64,0.64,13.60
bigdata-proj-w-0,162,sda,0.00,254.00,0.00,207.00,0.00,2124.00,20.52,0.12,0.56,0.00,0.56,0.56,11.60
bigdata-proj-w-0,163,sda,0.00,256.00,0.00,207.00,0.00,2136.00,20.64,0.12,0.60,0.00,0.60,0.60,12.40
bigdata-proj-w-0,164,sda,0.00,273.00,0.00,212.00,0.00,3240.00,30.57,0.15,0.72,0.00,0.72,0.64,13.60
bigdata-proj-w-0,165,sda,0.00,269.00,0.00,207.00,0.00,2192.00,21.18,0.11,0.52,0.00,0.52,0.52,10.80
bigdata-proj-w-0,166,sda,0.00,264.00,0.00,207.00,0.00,2168.00,20.95,0.14,0.70,0.00,0.70,0.70,14.40
bigdata-proj-w-0,167,sda,0.00,389.00,0.00,214.00,0.00,2600.00,24.30,0.14,0.65,0.00,0.65,0.65,14.00
bigdata-proj-w-0,168,sda,0.00,268.00,0.00,191.00,0.00,2108.00,22.07,0.13,0.67,0.00,0.67,0.67,12.80
bigdata-proj-w-0,169,sda,0.00,259.00,0.00,218.00,0.00,3284.00,30.13,0.14,0.64,0.00,0.64,0.51,11.20
bigdata-proj-w-0,170,sda,0.00,264.00,0.00,207.00,0.00,2168.00,20.95,0.10,0.50,0.00,0.50,0.50,10.40
bigdata-proj-w-0,171,sda,0.00,266.00,0.00,196.00,0.00,2128.00,21.71,0.12,0.63,0.00,0.63,0.63,12.40
bigdata-proj-w-0,172,sda,0.00,246.00,0.00,195.00,0.00,2020.00,20.72,0.12,0.62,0.00,0.62,0.62,12.00
bigdata-proj-w-0,173,sda,0.00,256.00,0.00,217.00,0.00,2172.00,20.02,0.13,0.61,0.00,0.61,0.61,13.20
bigdata-proj-w-0,174,sda,0.00,319.00,0.00,221.00,0.00,3472.00,31.42,0.14,0.65,0.00,0.65,0.47,10.40
bigdata-proj-w-0,175,sda,0.00,457.00,0.00,191.00,0.00,2824.00,29.57,0.13,0.67,0.00,0.67,0.67,12.80
bigdata-proj-w-0,176,sda,0.00,249.00,0.00,207.00,0.00,2104.00,20.33,0.13,0.62,0.00,0.62,0.62,12.80
bigdata-proj-w-0,177,sda,0.00,264.00,0.00,196.00,0.00,2124.00,21.67,0.12,0.61,0.00,0.61,0.61,12.00
bigdata-proj-w-0,178,sda,0.00,247.00,0.00,195.00,0.00,2028.00,20.80,0.12,0.62,0.00,0.62,0.62,12.00
bigdata-proj-w-0,179,sda,0.00,262.00,0.00,212.00,0.00,3212.00,30.30,0.12,0.57,0.00,0.57,0.55,11.60
bigdata-proj-w-0,180,sda,0.00,274.00,0.00,184.00,0.00,2088.00,22.70,0.11,0.59,0.00,0.59,0.59,10.80
bigdata-proj-w-0,181,sda,0.00,321.00,0.00,207.00,0.00,2392.00,23.11,0.13,0.62,0.00,0.62,0.62,12.80
bigdata-proj-w-0,182,sda,0.00,255.00,0.00,208.00,0.00,2136.00,20.54,0.13,0.63,0.00,0.63,0.62,12.80
bigdata-proj-w-0,183,sda,0.00,276.00,0.00,207.00,0.00,2216.00,21.41,0.12,0.58,0.00,0.58,0.58,12.00
bigdata-proj-w-0,184,sda,0.00,249.00,0.00,198.00,0.00,3092.00,31.23,0.15,0.75,0.00,0.75,0.73,14.40
bigdata-proj-w-0,185,sda,0.00,242.00,0.00,198.00,0.00,2028.00,20.48,0.12,0.63,0.00,0.63,0.63,12.40
bigdata-proj-w-0,186,sda,0.00,360.00,0.00,187.00,0.00,2440.00,26.10,0.14,0.75,0.00,0.75,0.75,14.00
bigdata-proj-w-0,187,sda,0.00,247.00,0.00,204.00,0.00,2088.00,20.47,0.15,0.75,0.00,0.75,0.75,15.20
bigdata-proj-w-0,188,sda,0.00,220.00,0.00,230.00,0.00,2016.00,17.53,0.14,0.61,0.00,0.61,0.59,13.60
bigdata-proj-w-0,189,sda,0.00,302.00,0.00,231.00,0.00,2452.00,21.23,0.13,0.57,0.00,0.57,0.57,13.20
bigdata-proj-w-0,190,sda,0.00,329.00,0.00,254.00,0.00,2672.00,21.04,0.15,0.58,0.00,0.58,0.58,14.80
bigdata-proj-w-0,191,sda,0.00,364.00,0.00,181.00,0.00,2356.00,26.03,0.10,0.55,0.00,0.55,0.55,10.00
bigdata-proj-w-0,192,sda,0.00,36.00,0.00,23.00,0.00,260.00,22.61,0.02,0.87,0.00,0.87,0.87,2.00
bigdata-proj-w-0,193,sda,0.00,12.00,0.00,16.00,0.00,120.00,15.00,0.01,0.75,0.00,0.75,0.75,1.20
HostName,TimeStamp,Device:,rrqm/s,wrqm/s,r/s,w/s,rkB/s,wkB/s,avgrq-sz,avgqu-sz,await,r_await,w_await,svctm,%util
bigdata-proj-w-1,194,sda,0.00,22.36,9.07,14.39,102.94,212.63,26.91,0.15,6.18,2.05,8.79,0.75,1.76
bigdata-proj-w-1,195,sda,0.00,0.00,828.00,0.00,4744.00,0.00,11.46,0.80,0.97,0.97,0.00,0.80,66.40
bigdata-proj-w-1,196,sda,0.00,0.00,0.00,0.00,0.00,0.00,0.00,0.00,0.00,0.00,0.00,0.00,0.00
bigdata-proj-w-1,197,sda,0.00,0.00,0.00,0.00,0.00,0.00,0.00,0.00,0.00,0.00,0.00,0.00,0.00
bigdata-proj-w-1,198,sda,0.00,422.00,0.00,202.00,0.00,2500.00,24.75,1.13,5.60,0.00,5.60,0.06,1.20
bigdata-proj-w-1,199,sda,0.00,0.00,0.00,0.00,0.00,0.00,0.00,0.00,0.00,0.00,0.00,0.00,0.00
bigdata-proj-w-1,200,sda,0.00,0.00,8.00,0.00,516.00,0.00,129.00,0.06,8.00,8.00,0.00,8.00,6.40
bigdata-proj-w-1,201,sda,0.00,0.00,37.00,14.00,2424.00,3576.00,235.29,0.56,10.90,12.97,5.43,8.78,44.80
bigdata-proj-w-1,202,sda,0.00,0.00,0.00,0.00,0.00,0.00,0.00,0.00,0.00,0.00,0.00,0.00,0.00
bigdata-proj-w-1,203,sda,0.00,0.00,0.00,0.00,0.00,0.00,0.00,0.00,0.00,0.00,0.00,0.00,0.00
bigdata-proj-w-1,204,sda,0.00,284.00,0.00,6.00,0.00,1160.00,386.67,0.02,2.67,0.00,2.67,0.67,0.40
bigdata-proj-w-1,205,sda,0.00,18.00,0.00,13.00,0.00,172.00,26.46,0.01,0.92,0.00,0.92,0.92,1.20
bigdata-proj-w-1,206,sda,0.00,43.00,0.00,5.00,0.00,188.00,75.20,0.00,0.80,0.00,0.80,0.80,0.40
bigdata-proj-w-1,207,sda,0.00,0.00,0.98,0.00,58.82,0.00,120.00,0.00,4.00,4.00,0.00,4.00,0.39
bigdata-proj-w-1,208,sda,0.00,114.00,14.00,24.00,1568.00,636.00,116.00,0.13,3.37,7.71,0.83,2.53,9.60
bigdata-proj-w-1,209,sda,0.00,0.00,0.00,1.00,0.00,28.00,56.00,0.00,0.00,0.00,0.00,0.00,0.00
bigdata-proj-w-1,210,sda,0.00,21.00,0.00,19.00,0.00,228.00,24.00,0.02,1.05,0.00,1.05,1.05,2.00
bigdata-proj-w-1,211,sda,0.00,0.00,0.00,0.00,0.00,0.00,0.00,0.00,0.00,0.00,0.00,0.00,0.00
bigdata-proj-w-1,212,sda,0.00,34.00,0.00,18.00,0.00,212.00,23.56,0.02,0.89,0.00,0.89,0.89,1.60
bigdata-proj-w-1,213,sda,0.00,0.00,0.00,0.00,0.00,0.00,0.00,0.00,0.00,0.00,0.00,0.00,0.00
bigdata-proj-w-1,214,sda,0.00,1.00,3.00,116.00,244.00,28356.00,480.67,6.80,57.14,9.33,58.38,1.28,15.20
bigdata-proj-w-1,215,sda,0.00,115.00,0.00,64.00,0.00,2320.00,72.50,0.07,1.06,0.00,1.06,0.69,4.40
bigdata-proj-w-1,216,sda,0.00,59.00,0.00,61.00,0.00,528.00,17.31,0.04,0.59,0.00,0.59,0.59,3.60
bigdata-proj-w-1,217,sda,0.00,159.00,0.00,119.00,0.00,1216.00,20.44,0.09,0.77,0.00,0.77,0.77,9.20
bigdata-proj-w-1,218,sda,0.00,141.00,0.00,148.00,0.00,1292.00,17.46,0.09,0.62,0.00,0.62,0.62,9.20
bigdata-proj-w-1,219,sda,0.00,183.00,0.00,161.00,0.00,1592.00,19.78,0.10,0.65,0.00,0.65,0.65,10.40
bigdata-proj-w-1,220,sda,0.00,272.00,0.00,177.00,0.00,2008.00,22.69,0.16,0.93,0.00,0.93,0.93,16.40
bigdata-proj-w-1,221,sda,0.00,252.00,0.00,201.00,0.00,2096.00,20.86,0.21,1.03,0.00,1.03,1.03,20.80
bigdata-proj-w-1,222,sda,0.00,142.00,0.00,178.00,0.00,1416.00,15.91,0.15,0.85,0.00,0.85,0.85,15.20
bigdata-proj-w-1,223,sda,0.00,206.00,0.00,201.00,0.00,1904.00,18.95,0.18,0.88,0.00,0.88,0.88,17.60
bigdata-proj-w-1,224,sda,0.00,188.00,0.00,169.00,0.00,1680.00,19.88,0.14,0.83,0.00,0.83,0.78,13.20
bigdata-proj-w-1,225,sda,0.00,300.00,0.00,201.00,0.00,2252.00,22.41,0.20,0.98,0.00,0.98,0.98,19.60
bigdata-proj-w-1,226,sda,0.00,264.00,0.00,207.00,0.00,2164.00,20.91,0.19,0.91,0.00,0.91,0.91,18.80
bigdata-proj-w-1,227,sda,0.00,256.00,0.00,208.00,0.00,2148.00,20.65,0.13,0.62,0.00,0.62,0.62,12.80
bigdata-proj-w-1,228,sda,0.00,335.00,0.00,207.00,0.00,2456.00,23.73,0.12,0.56,0.00,0.56,0.56,11.60
bigdata-proj-w-1,229,sda,0.00,193.00,0.00,238.00,0.00,2844.00,23.90,0.16,0.69,0.00,0.69,0.64,15.20
bigdata-proj-w-1,230,sda,0.00,220.00,0.00,209.00,0.00,1996.00,19.10,0.12,0.57,0.00,0.57,0.56,11.60
bigdata-proj-w-1,231,sda,0.00,246.00,0.00,230.00,0.00,2220.00,19.30,0.14,0.61,0.00,0.61,0.59,13.60
bigdata-proj-w-1,232,sda,0.00,223.00,0.00,208.00,0.00,2008.00,19.31,0.12,0.58,0.00,0.58,0.58,12.00
bigdata-proj-w-1,233,sda,0.00,344.55,0.00,200.99,0.00,2427.72,24.16,0.14,0.71,0.00,0.71,0.69,13.86
bigdata-proj-w-1,234,sda,0.00,497.00,0.00,381.00,0.00,11620.00,61.00,4.84,12.69,0.00,12.69,0.34,12.80
bigdata-proj-w-1,235,sda,0.00,191.00,0.00,201.00,0.00,1804.00,17.95,0.14,0.70,0.00,0.70,0.70,14.00
bigdata-proj-w-1,236,sda,0.00,193.00,0.00,213.00,0.00,1856.00,17.43,0.14,0.66,0.00,0.66,0.64,13.60
bigdata-proj-w-1,237,sda,0.00,161.00,0.00,212.00,0.00,1688.00,15.92,0.14,0.66,0.00,0.66,0.66,14.00
bigdata-proj-w-1,238,sda,0.00,197.00,0.00,184.00,0.00,1776.00,19.30,0.10,0.57,0.00,0.57,0.57,10.40
bigdata-proj-w-1,239,sda,0.00,404.00,0.00,321.00,0.00,20380.00,126.98,2.82,8.77,0.00,8.77,0.70,22.40
bigdata-proj-w-1,240,sda,0.00,223.00,0.00,207.00,0.00,2004.00,19.36,0.15,0.73,0.00,0.73,0.73,15.20
bigdata-proj-w-1,241,sda,0.00,237.00,0.00,210.00,0.00,2040.00,19.43,0.15,0.70,0.00,0.70,0.70,14.80
bigdata-proj-w-1,242,sda,0.00,212.00,0.00,206.00,0.00,1996.00,19.38,0.12,0.58,0.00,0.58,0.58,12.00
bigdata-proj-w-1,243,sda,0.00,226.00,0.00,209.00,0.00,2024.00,19.37,0.12,0.59,0.00,0.59,0.59,12.40
bigdata-proj-w-1,244,sda,0.00,193.00,0.00,184.00,0.00,1756.00,19.09,0.12,0.65,0.00,0.65,0.65,12.00
bigdata-proj-w-1,245,sda,0.00,418.00,0.00,226.00,0.00,4748.00,42.02,0.21,0.94,0.00,0.94,0.73,16.40
bigdata-proj-w-1,246,sda,0.00,213.00,0.00,201.00,0.00,1920.00,19.10,0.14,0.70,0.00,0.70,0.70,14.00
bigdata-proj-w-1,247,sda,0.00,135.00,0.00,185.00,0.00,1444.00,15.61,0.12,0.65,0.00,0.65,0.65,12.00
bigdata-proj-w-1,248,sda,0.00,233.00,0.00,213.00,0.00,2080.00,19.53,0.15,0.71,0.00,0.71,0.71,15.20
bigdata-proj-w-1,249,sda,0.00,234.00,0.00,226.00,0.00,2140.00,18.94,0.17,0.74,0.00,0.74,0.74,16.80
bigdata-proj-w-1,250,sda,0.00,267.00,0.00,241.00,0.00,3392.00,28.15,0.16,0.65,0.00,0.65,0.63,15.20
bigdata-proj-w-1,251,sda,0.00,393.00,0.00,229.00,0.00,2736.00,23.90,0.13,0.58,0.00,0.58,0.58,13.20
bigdata-proj-w-1,252,sda,0.00,203.00,0.00,221.00,0.00,1948.00,17.63,0.14,0.62,0.00,0.62,0.62,13.60
bigdata-proj-w-1,253,sda,0.00,235.00,0.00,212.00,0.00,2076.00,19.58,0.15,0.70,0.00,0.70,0.70,14.80
bigdata-proj-w-1,254,sda,0.00,235.00,0.00,227.00,0.00,2168.00,19.10,0.15,0.67,0.00,0.67,0.67,15.20
bigdata-proj-w-1,255,sda,0.00,226.00,0.00,216.00,0.00,3156.00,29.22,0.17,0.78,0.00,0.78,0.70,15.20
bigdata-proj-w-1,256,sda,0.00,205.00,0.00,233.00,0.00,2000.00,17.17,0.16,0.70,0.00,0.70,0.70,16.40
bigdata-proj-w-1,257,sda,0.00,351.00,0.00,209.00,0.00,2452.00,23.46,0.14,0.67,0.00,0.67,0.67,14.00
bigdata-proj-w-1,258,sda,0.00,298.00,0.00,220.00,0.00,2384.00,21.67,0.16,0.73,0.00,0.73,0.73,16.00
bigdata-proj-w-1,259,sda,0.00,219.00,0.00,218.00,0.00,2012.00,18.46,0.12,0.57,0.00,0.57,0.57,12.40
bigdata-proj-w-1,260,sda,0.00,244.00,0.00,233.00,0.00,3836.00,32.93,0.20,0.86,0.00,0.86,0.67,15.60
bigdata-proj-w-1,261,sda,0.00,223.00,0.00,201.00,0.00,1988.00,19.78,0.13,0.66,0.00,0.66,0.66,13.20
bigdata-proj-w-1,262,sda,0.00,212.00,0.00,204.00,0.00,1924.00,18.86,0.13,0.65,0.00,0.65,0.65,13.20
bigdata-proj-w-1,263,sda,0.00,230.00,0.00,207.00,0.00,2036.00,19.67,0.14,0.68,0.00,0.68,0.68,14.00
bigdata-proj-w-1,264,sda,0.00,374.00,0.00,208.00,0.00,2500.00,24.04,0.14,0.67,0.00,0.67,0.67,14.00
bigdata-proj-w-1,265,sda,0.00,359.00,0.00,254.00,0.00,3764.00,29.64,0.28,1.09,0.00,1.09,0.69,17.60
bigdata-proj-w-1,266,sda,0.00,210.00,0.00,195.00,0.00,1888.00,19.36,0.12,0.57,0.00,0.57,0.59,11.60
bigdata-proj-w-1,267,sda,0.00,202.00,0.00,197.00,0.00,1868.00,18.96,0.15,0.79,0.00,0.79,0.77,15.20
bigdata-proj-w-1,268,sda,0.00,221.00,0.00,207.00,0.00,1996.00,19.29,0.12,0.58,0.00,0.58,0.58,12.00
bigdata-proj-w-1,269,sda,0.00,192.00,0.00,184.00,0.00,1756.00,19.09,0.12,0.65,0.00,0.65,0.67,12.40
bigdata-proj-w-1,270,sda,0.00,255.00,0.00,213.00,0.00,3216.00,30.20,0.12,0.60,0.00,0.60,0.53,11.20
bigdata-proj-w-1,271,sda,0.00,221.00,0.00,207.00,0.00,1992.00,19.25,0.12,0.58,0.00,0.58,0.58,12.00
bigdata-proj-w-1,272,sda,0.00,401.00,0.00,176.00,0.00,2492.00,28.32,0.12,0.70,0.00,0.70,0.70,12.40
bigdata-proj-w-1,273,sda,0.00,212.00,0.00,206.00,0.00,1984.00,19.26,0.15,0.72,0.00,0.72,0.72,14.80
bigdata-proj-w-1,274,sda,0.00,221.00,0.00,207.00,0.00,1996.00,19.29,0.15,0.71,0.00,0.71,0.71,14.80
bigdata-proj-w-1,275,sda,0.00,217.00,0.00,201.00,0.00,1956.00,19.46,0.14,0.68,0.00,0.68,0.68,13.60
bigdata-proj-w-1,276,sda,0.00,214.00,0.00,190.00,0.00,1872.00,19.71,0.10,0.55,0.00,0.55,0.55,10.40
bigdata-proj-w-1,277,sda,0.00,308.00,0.00,192.00,0.00,2272.00,23.67,0.14,0.75,0.00,0.75,0.75,14.40
bigdata-proj-w-1,278,sda,0.00,229.00,0.00,199.00,0.00,1976.00,19.86,0.13,0.66,0.00,0.66,0.66,13.20
bigdata-proj-w-1,279,sda,0.00,219.00,0.00,207.00,0.00,1988.00,19.21,0.14,0.68,0.00,0.68,0.68,14.00
bigdata-proj-w-1,280,sda,0.00,223.00,0.00,212.00,0.00,3048.00,28.75,0.15,0.70,0.00,0.70,0.68,14.40
bigdata-proj-w-1,281,sda,0.00,219.00,0.00,207.00,0.00,1988.00,19.21,0.12,0.56,0.00,0.56,0.56,11.60
bigdata-proj-w-1,282,sda,0.00,225.00,0.00,184.00,0.00,1888.00,20.52,0.12,0.63,0.00,0.63,0.63,11.60
bigdata-proj-w-1,283,sda,0.00,358.00,0.00,207.00,0.00,2540.00,24.54,0.12,0.60,0.00,0.60,0.60,12.40
bigdata-proj-w-1,284,sda,0.00,205.00,0.00,185.00,0.00,1816.00,19.63,0.11,0.61,0.00,0.61,0.61,11.20
bigdata-proj-w-1,285,sda,0.00,181.00,0.00,238.00,0.00,2976.00,25.01,0.15,0.62,0.00,0.62,0.57,13.60
bigdata-proj-w-1,286,sda,0.00,271.00,0.00,243.00,0.00,2404.00,19.79,0.16,0.64,0.00,0.64,0.64,15.60
bigdata-proj-w-1,287,sda,0.00,275.00,0.00,254.00,0.00,2460.00,19.37,0.17,0.66,0.00,0.66,0.66,16.80
bigdata-proj-w-1,288,sda,0.00,345.00,0.00,175.00,0.00,2228.00,25.46,0.12,0.66,0.00,0.66,0.66,11.60
bigdata-proj-w-1,289,sda,0.00,17.00,0.00,17.00,0.00,156.00,18.35,0.02,0.94,0.00,0.94,0.94,1.60
bigdata-proj-w-1,290,sda,0.00,15.00,0.00,16.00,0.00,132.00,16.50,0.01,0.50,0.00,0.50,0.50,0.80
