HostName,TimeStamp,AM,pgpgin/s,pgpgout/s,fault/s,majflt/s,pgfree/s,pgscank/s,pgscand/s,pgsteal/s,%vmeff,AM,kbmemfree,kbmemused,%memused,kbbuffers,kbcached,kbcommit,%commit,kbactive,kbinact,kbdirty,AM,kbswpfree,kbswpused,%swpused,kbswpcad,%swpcad
bigdata-proj-m,0,AM,0.00,32.00,41434.00,0.00,9601.00,0.00,0.00,0.00,0.00,AM,10189692,5215012,33.85,176348,1034668,7629908,49.53,4374288,611160,548,AM,0,0,0.00,0,0.00
bigdata-proj-m,1,AM,0.00,0.00,10432.00,0.00,2667.00,0.00,0.00,0.00,0.00,AM,10159544,5245160,34.05,176348,1034680,7682800,49.87,4404372,611172,568,AM,0,0,0.00,0,0.00
bigdata-proj-m,2,AM,0.00,0.00,29514.00,0.00,2612.00,0.00,0.00,0.00,0.00,AM,10053536,5351168,34.74,176348,1034688,7772152,50.45,4509440,611180,576,AM,0,0,0.00,0,0.00
bigdata-proj-m,3,AM,0.00,404.00,27567.00,0.00,2420.00,0.00,0.00,0.00,0.00,AM,9952644,5452060,35.39,176356,1034688,7999436,51.93,4610224,611180,376,AM,0,0,0.00,0,0.00
bigdata-proj-m,4,AM,0.00,0.00,6196.00,0.00,1453.00,0.00,0.00,0.00,0.00,AM,9934200,5470504,35.51,176356,1035664,8014516,52.03,4627488,612156,1356,AM,0,0,0.00,0,0.00
bigdata-proj-m,5,AM,0.00,412.00,29069.00,0.00,4961.00,0.00,0.00,0.00,0.00,AM,9838792,5565912,36.13,176356,1035960,8055608,52.29,4724640,612452,1388,AM,0,0,0.00,0,0.00
bigdata-proj-m,6,AM,0.00,128.00,3217.00,0.00,2018.00,0.00,0.00,0.00,0.00,AM,9832408,5572296,36.17,176356,1036120,8082484,52.47,4727504,612612,1684,AM,0,0,0.00,0,0.00
bigdata-proj-m,7,AM,0.00,0.00,1664.00,0.00,1486.00,0.00,0.00,0.00,0.00,AM,9832452,5572252,36.17,176356,1036124,8082484,52.47,4727480,612616,1688,AM,0,0,0.00,0,0.00
bigdata-proj-m,8,AM,0.00,0.00,1669.00,0.00,1460.00,0.00,0.00,0.00,0.00,AM,9832172,5572532,36.17,176356,1036124,8097632,52.57,4727700,612616,1688,AM,0,0,0.00,0,0.00
bigdata-proj-m,9,AM,184.00,8.00,2182.00,0.00,1474.00,0.00,0.00,0.00,0.00,AM,9831464,5573240,36.18,176356,1036172,8136804,52.82,4729080,612648,1736,AM,0,0,0.00,0,0.00
bigdata-proj-m,10,AM,0.00,208.00,15117.00,0.00,3165.00,0.00,0.00,0.00,0.00,AM,9786004,5618700,36.47,176356,1036380,8212228,53.31,4774476,612852,1764,AM,0,0,0.00,0,0.00
bigdata-proj-m,11,AM,0.00,108.00,7396.00,0.00,3779.00,0.00,0.00,0.00,0.00,AM,9772244,5632460,36.56,176356,1037376,8200816,53.24,4788940,613756,2712,AM,0,0,0.00,0,0.00
bigdata-proj-m,12,AM,0.00,0.00,12224.00,0.00,3353.00,0.00,0.00,0.00,0.00,AM,9736136,5668568,36.80,176356,1037536,8270320,53.69,4822340,614008,2872,AM,0,0,0.00,0,0.00
bigdata-proj-m,13,AM,0.00,16.00,2254.00,0.00,1509.00,0.00,0.00,0.00,0.00,AM,9733380,5671324,36.82,176356,1037540,8285996,53.79,4824760,614008,2876,AM,0,0,0.00,0,0.00
bigdata-proj-m,14,AM,0.00,160.00,3627.00,0.00,2459.00,0.00,0.00,0.00,0.00,AM,9733136,5671568,36.82,176356,1037564,8317392,53.99,4824904,614008,2808,AM,0,0,0.00,0,0.00
bigdata-proj-m,15,AM,0.00,188.00,9052.00,0.00,5962.00,0.00,0.00,0.00,0.00,AM,9722108,5682596,36.89,176360,1037564,8317392,53.99,4836328,614012,2848,AM,0,0,0.00,0,0.00
bigdata-proj-m,16,AM,0.00,0.00,1658.00,0.00,1485.00,0.00,0.00,0.00,0.00,AM,9722016,5682688,36.89,176360,1037564,8317392,53.99,4836372,614036,2916,AM,0,0,0.00,0,0.00
bigdata-proj-m,17,AM,0.00,112.00,6176.00,0.00,3697.00,0.00,0.00,0.00,0.00,AM,9712700,5692004,36.95,176360,1038736,8293656,53.84,4846192,615020,4100,AM,0,0,0.00,0,0.00
bigdata-proj-m,18,AM,0.00,0.00,2785.00,0.00,1957.00,0.00,0.00,0.00,0.00,AM,9710252,5694452,36.97,176360,1038796,8320724,54.01,4847368,615208,4156,AM,0,0,0.00,0,0.00
bigdata-proj-m,19,AM,0.00,0.00,1662.00,0.00,1450.00,0.00,0.00,0.00,0.00,AM,9709608,5695096,36.97,176360,1038796,8320724,54.01,4847456,615208,4160,AM,0,0,0.00,0,0.00
bigdata-proj-m,20,AM,0.00,260.00,10572.00,0.00,6102.00,0.00,0.00,0.00,0.00,AM,9690300,5714404,37.10,176364,1038800,8320724,54.01,4864800,615212,4280,AM,0,0,0.00,0,0.00
bigdata-proj-m,21,AM,0.00,44.00,18981.00,0.00,1657.00,0.00,0.00,0.00,0.00,AM,9620944,5783760,37.55,176364,1038804,8320724,54.01,4934076,615216,4288,AM,0,0,0.00,0,0.00
bigdata-proj-m,22,AM,0.00,1684.00,35312.00,0.00,1964.00,0.00,0.00,0.00,0.00,AM,9487264,5917440,38.41,176364,1040408,8697424,56.46,5068328,616808,4296,AM,0,0,0.00,0,0.00
bigdata-proj-m,23,AM,0.00,196.00,4040.00,0.00,4070.00,0.00,0.00,0.00,0.00,AM,9484216,5920488,38.43,176364,1041564,8671796,56.29,5069900,617960,5444,AM,0,0,0.00,0,0.00
bigdata-proj-m,24,AM,0.00,124.00,5657.00,0.00,2695.00,0.00,0.00,0.00,0.00,AM,9472736,5931968,38.51,176364,1041572,8694076,56.44,5082236,617968,5452,AM,0,0,0.00,0,0.00
bigdata-proj-m,25,AM,0.00,436.00,13144.00,0.00,2912.00,0.00,0.00,0.00,0.00,AM,9432376,5972328,38.77,176368,1041648,8694076,56.44,5128004,618044,5684,AM,0,0,0.00,0,0.00
bigdata-proj-m,26,AM,0.00,136.00,1846.00,0.00,1778.00,0.00,0.00,0.00,0.00,AM,9430020,5974684,38.78,176368,1041656,8694076,56.44,5129896,618052,5692,AM,0,0,0.00,0,0.00
bigdata-proj-m,27,AM,0.00,132.00,406.00,0.00,889.00,0.00,0.00,0.00,0.00,AM,9431660,5973044,38.77,176368,1041660,8694076,56.44,5130168,618056,5696,AM,0,0,0.00,0,0.00
bigdata-proj-m,28,AM,0.00,144.00,3935.00,0.00,2010.00,0.00,0.00,0.00,0.00,AM,9424492,5980212,38.82,176368,1041668,8694076,56.44,5139140,618064,5704,AM,0,0,0.00,0,0.00
bigdata-proj-m,29,AM,0.00,224.00,28607.00,0.00,1966.00,0.00,0.00,0.00,0.00,AM,9315468,6089236,39.53,176368,1042548,8694076,56.44,5245372,619048,6484,AM,0,0,0.00,0,0.00
bigdata-proj-m,30,AM,0.00,432.00,12577.00,0.00,4514.00,0.00,0.00,0.00,0.00,AM,9277868,6126836,39.77,176376,1042680,8854340,57.48,5282376,619076,6692,AM,0,0,0.00,0,0.00
bigdata-proj-m,31,AM,0.00,148.00,3140.00,0.00,2403.00,0.00,0.00,0.00,0.00,AM,9274112,6130592,39.80,176376,1042684,8892932,57.73,5284688,619080,6696,AM,0,0,0.00,0,0.00
bigdata-proj-m,32,AM,0.00,148.00,1855.00,0.00,1936.00,0.00,0.00,0.00,0.00,AM,9275668,6129036,39.79,176376,1042764,8892932,57.73,5285508,619160,6780,AM,0,0,0.00,0,0.00
bigdata-proj-m,33,AM,0.00,148.00,5463.00,0.00,2372.00,0.00,0.00,0.00,0.00,AM,9257588,6147116,39.90,176376,1042772,8874516,57.61,5300412,619168,6788,AM,0,0,0.00,0,0.00
bigdata-proj-m,34,AM,0.00,1352.00,1749.00,0.00,1832.00,0.00,0.00,0.00,0.00,AM,9257992,6146712,39.90,176376,1042788,8874516,57.61,5301120,619180,5632,AM,0,0,0.00,0,0.00
bigdata-proj-m,35,AM,0.00,236.00,1827.00,0.00,4756.00,0.00,0.00,0.00,0.00,AM,9270328,6134376,39.82,176380,1042784,8874516,57.61,5290360,619180,5652,AM,0,0,0.00,0,0.00
bigdata-proj-m,36,AM,0.00,264.00,3599.00,0.00,5485.00,0.00,0.00,0.00,0.00,AM,9261948,6142756,39.88,176380,1043800,8847252,57.43,5290028,620196,6668,AM,0,0,0.00,0,0.00
bigdata-proj-m,37,AM,0.00,144.00,22027.00,0.00,2659.00,0.00,0.00,0.00,0.00,AM,9182000,6222704,40.39,176380,1043800,8876716,57.62,5367640,620196,6668,AM,0,0,0.00,0,0.00
bigdata-proj-m,38,AM,0.00,152.00,19161.00,0.00,3125.00,0.00,0.00,0.00,0.00,AM,9117776,6286928,40.81,176380,1043888,9075044,58.91,5438100,620280,6760,AM,0,0,0.00,0,0.00
bigdata-proj-m,39,AM,0.00,1940.00,1714.00,0.00,1968.00,0.00,0.00,0.00,0.00,AM,9118156,6286548,40.81,176380,1043888,9075044,58.91,5438332,620280,5012,AM,0,0,0.00,0,0.00
bigdata-proj-m,40,AM,0.00,256.00,1750.00,0.00,1979.00,0.00,0.00,0.00,0.00,AM,9110724,6293980,40.86,176384,1043900,9075044,58.91,5438780,620296,4976,AM,0,0,0.00,0,0.00
bigdata-proj-m,41,AM,0.00,148.00,2470.00,0.00,2299.00,0.00,0.00,0.00,0.00,AM,9112776,6291928,40.84,176384,1043908,9075044,58.91,5438824,620304,4992,AM,0,0,0.00,0,0.00
bigdata-proj-m,42,AM,96.00,252.00,3503.00,0.00,4180.00,0.00,0.00,0.00,0.00,AM,9115708,6288996,40.83,176384,1046052,9051988,58.76,5438112,622236,7036,AM,0,0,0.00,0,0.00
bigdata-proj-m,43,AM,0.00,144.00,6910.00,0.00,2556.00,0.00,0.00,0.00,0.00,AM,9098908,6305796,40.93,176384,1046060,9075236,58.91,5455280,622244,7044,AM,0,0,0.00,0,0.00
bigdata-proj-m,44,AM,0.00,1344.00,5561.00,0.00,3100.00,0.00,0.00,0.00,0.00,AM,9082520,6322184,41.04,176384,1046140,9050184,58.75,5471372,622324,6028,AM,0,0,0.00,0,0.00
bigdata-proj-m,45,AM,0.00,156.00,1764.00,0.00,1931.00,0.00,0.00,0.00,0.00,AM,9083612,6321092,41.03,176384,1046144,9050184,58.75,5471744,622328,6012,AM,0,0,0.00,0,0.00
bigdata-proj-m,46,AM,0.00,316.00,1876.00,0.00,3823.00,0.00,0.00,0.00,0.00,AM,9075668,6329036,41.09,176388,1046156,9050184,58.75,5472256,622340,6116,AM,0,0,0.00,0,0.00
bigdata-proj-m,47,AM,0.00,148.00,1687.00,0.00,2045.00,0.00,0.00,0.00,0.00,AM,9074280,6330424,41.09,176388,1046160,9050184,58.75,5472452,622344,6120,AM,0,0,0.00,0,0.00
bigdata-proj-m,48,AM,0.00,248.00,10220.00,0.00,4232.00,0.00,0.00,0.00,0.00,AM,9052400,6352304,41.24,176388,1047160,9019164,58.55,5498376,623344,7128,AM,0,0,0.00,0,0.00
bigdata-proj-m,49,AM,0.00,1372.00,39316.00,0.00,2624.00,0.00,0.00,0.00,0.00,AM,8902264,6502440,42.21,176388,1047164,9226392,59.89,5645316,623348,5964,AM,0,0,0.00,0,0.00
bigdata-proj-m,50,AM,0.00,148.00,1704.00,0.00,4899.00,0.00,0.00,0.00,0.00,AM,8910944,6493760,42.15,176388,1047252,9226392,59.89,5637008,623436,5976,AM,0,0,0.00,0,0.00
bigdata-proj-m,51,AM,0.00,252.00,1677.00,0.00,2019.00,0.00,0.00,0.00,0.00,AM,8913056,6491648,42.14,176392,1047252,9226392,59.89,5637604,623436,5984,AM,0,0,0.00,0,0.00
bigdata-proj-m,52,AM,0.00,136.00,1715.00,0.00,1823.00,0.00,0.00,0.00,0.00,AM,8914436,6490268,42.13,176392,1047264,9226392,59.89,5637308,623448,6000,AM,0,0,0.00,0,0.00
bigdata-proj-m,53,AM,0.00,148.00,2189.00,0.00,2040.00,0.00,0.00,0.00,0.00,AM,8908128,6496576,42.17,176392,1047264,9226392,59.89,5639536,623448,6000,AM,0,0,0.00,0,0.00
bigdata-proj-m,54,AM,0.00,264.00,3485.00,0.00,4351.00,0.00,0.00,0.00,0.00,AM,8909200,6495504,42.17,176392,1048264,9210040,59.79,5638600,624448,7004,AM,0,0,0.00,0,0.00
bigdata-proj-m,55,AM,0.00,1384.00,7059.00,0.00,2602.00,0.00,0.00,0.00,0.00,AM,8893800,6510904,42.27,176392,1048268,9211204,59.79,5657052,624452,5840,AM,0,0,0.00,0,0.00
bigdata-proj-m,56,AM,0.00,284.00,1930.00,0.00,6019.00,0.00,0.00,0.00,0.00,AM,8885008,6519696,42.32,176396,1048356,9209640,59.78,5657808,624536,5872,AM,0,0,0.00,0,0.00
bigdata-proj-m,57,AM,0.00,156.00,981.00,0.00,1524.00,0.00,0.00,0.00,0.00,AM,8887632,6517072,42.31,176396,1048360,9209640,59.78,5658108,624540,5876,AM,0,0,0.00,0,0.00
bigdata-proj-m,58,AM,0.00,152.00,867.00,0.00,1660.00,0.00,0.00,0.00,0.00,AM,8890912,6513792,42.28,176396,1048372,9209640,59.78,5658404,624552,5908,AM,0,0,0.00,0,0.00
bigdata-proj-m,59,AM,0.00,160.00,1707.00,0.00,2382.00,0.00,0.00,0.00,0.00,AM,8894120,6510584,42.26,176396,1048380,9209640,59.78,5658436,624560,5916,AM,0,0,0.00,0,0.00
bigdata-proj-m,60,AM,0.00,152.00,1723.00,0.00,2166.00,0.00,0.00,0.00,0.00,AM,8893832,6510872,42.27,176396,1048388,9209640,59.78,5658808,624568,5924,AM,0,0,0.00,0,0.00
bigdata-proj-m,61,AM,0.00,304.00,5545.00,0.00,4213.00,0.00,0.00,0.00,0.00,AM,8886456,6518248,42.31,176404,1049380,9181144,59.60,5665916,625560,6920,AM,0,0,0.00,0,0.00
bigdata-proj-m,62,AM,0.00,152.00,25707.00,0.00,3089.00,0.00,0.00,0.00,0.00,AM,8795840,6608864,42.90,176404,1049468,9268932,60.17,5758808,625648,7012,AM,0,0,0.00,0,0.00
bigdata-proj-m,63,AM,0.00,152.00,1682.00,0.00,2272.00,0.00,0.00,0.00,0.00,AM,8794940,6609764,42.91,176404,1049476,9268932,60.17,5758832,625656,7020,AM,0,0,0.00,0,0.00
bigdata-proj-m,64,AM,0.00,148.00,1667.00,0.00,1889.00,0.00,0.00,0.00,0.00,AM,8790048,6614656,42.94,176404,1049484,9268932,60.17,5758956,625664,7028,AM,0,0,0.00,0,0.00
bigdata-proj-m,65,AM,0.00,1300.00,1682.00,0.00,1924.00,0.00,0.00,0.00,0.00,AM,8791540,6613164,42.93,176404,1049484,9268932,60.17,5759284,625664,5864,AM,0,0,0.00,0,0.00
bigdata-proj-m,66,AM,0.00,264.00,1736.00,0.00,5651.00,0.00,0.00,0.00,0.00,AM,8782668,6622036,42.99,176408,1049504,9268932,60.17,5759156,625684,5952,AM,0,0,0.00,0,0.00
bigdata-proj-m,67,AM,0.00,244.00,3409.00,0.00,4491.00,0.00,0.00,0.00,0.00,AM,8787992,6616712,42.95,176408,1050496,9238432,59.97,5758140,626676,6944,AM,0,0,0.00,0,0.00
bigdata-proj-m,68,AM,0.00,148.00,2856.00,0.00,2708.00,0.00,0.00,0.00,0.00,AM,8787724,6616980,42.95,176408,1050584,9273320,60.20,5759268,626764,7032,AM,0,0,0.00,0,0.00
bigdata-proj-m,69,AM,0.00,156.00,21054.00,0.00,3629.00,0.00,0.00,0.00,0.00,AM,8712068,6692636,43.45,176408,1050592,9273320,60.20,5836536,626772,7040,AM,0,0,0.00,0,0.00
bigdata-proj-m,70,AM,0.00,1416.00,1671.00,0.00,2140.00,0.00,0.00,0.00,0.00,AM,8714040,6690664,43.43,176408,1050600,9273320,60.20,5837000,626780,5776,AM,0,0,0.00,0,0.00
bigdata-proj-m,71,AM,0.00,240.00,1690.00,0.00,2219.00,0.00,0.00,0.00,0.00,AM,8713580,6691124,43.44,176412,1050604,9273320,60.20,5837196,626780,5784,AM,0,0,0.00,0,0.00
bigdata-proj-m,72,AM,0.00,148.00,1694.00,0.00,1943.00,0.00,0.00,0.00,0.00,AM,8712368,6692336,43.44,176412,1050616,9273320,60.20,5837032,626796,5800,AM,0,0,0.00,0,0.00
bigdata-proj-m,73,AM,0.00,244.00,3400.00,0.00,4163.00,0.00,0.00,0.00,0.00,AM,8715756,6688948,43.42,176412,1051792,9249360,60.04,5835988,627784,6984,AM,0,0,0.00,0,0.00
bigdata-proj-m,74,AM,0.00,136.00,2808.00,0.00,2387.00,0.00,0.00,0.00,0.00,AM,8710716,6693988,43.45,176412,1051804,9267560,60.16,5837260,627976,6992,AM,0,0,0.00,0,0.00
bigdata-proj-m,75,AM,0.00,2508.00,1705.00,0.00,1893.00,0.00,0.00,0.00,0.00,AM,8712348,6692356,43.44,176412,1051808,9267560,60.16,5837272,627984,4684,AM,0,0,0.00,0,0.00
bigdata-proj-m,76,AM,0.00,304.00,2807.00,0.00,6282.00,0.00,0.00,0.00,0.00,AM,8699816,6704888,43.52,176412,1051812,9267560,60.16,5841212,627988,4764,AM,0,0,0.00,0,0.00
bigdata-proj-m,77,AM,0.00,132.00,14166.00,0.00,3763.00,0.00,0.00,0.00,0.00,AM,8654172,6750532,43.82,176412,1051820,9267560,60.16,5891732,627996,4792,AM,0,0,0.00,0,0.00
bigdata-proj-m,78,AM,0.00,148.00,1676.00,0.00,2105.00,0.00,0.00,0.00,0.00,AM,8653144,6751560,43.83,176412,1051828,9267560,60.16,5891548,628004,4812,AM,0,0,0.00,0,0.00
bigdata-proj-m,79,AM,0.00,244.00,3400.00,0.00,4336.00,0.00,0.00,0.00,0.00,AM,8657672,6747032,43.80,176412,1052716,9241936,59.99,5890624,628996,5996,AM,0,0,0.00,0,0.00
bigdata-proj-m,80,AM,0.00,1192.00,2805.00,0.00,2555.00,0.00,0.00,0.00,0.00,AM,8656828,6747876,43.80,176412,1052832,9268120,60.16,5892020,629008,4948,AM,0,0,0.00,0,0.00
bigdata-proj-m,81,AM,0.00,244.00,1744.00,0.00,2109.00,0.00,0.00,0.00,0.00,AM,8658688,6746016,43.79,176416,1052912,9268120,60.16,5891912,629088,4844,AM,0,0,0.00,0,0.00
bigdata-proj-m,82,AM,0.00,132.00,3345.00,0.00,2485.00,0.00,0.00,0.00,0.00,AM,8649968,6754736,43.85,176416,1052928,9268120,60.16,5898844,629104,4860,AM,0,0,0.00,0,0.00
bigdata-proj-m,83,AM,0.00,152.00,3615.00,0.00,3115.00,0.00,0.00,0.00,0.00,AM,8652232,6752472,43.83,176416,1052928,9265400,60.15,5898816,629104,4860,AM,0,0,0.00,0,0.00
bigdata-proj-m,84,AM,0.00,148.00,1666.00,0.00,1925.00,0.00,0.00,0.00,0.00,AM,8649932,6754772,43.85,176416,1052944,9265400,60.15,5898964,629116,4880,AM,0,0,0.00,0,0.00
bigdata-proj-m,85,AM,0.00,244.00,3415.00,0.00,4166.00,0.00,0.00,0.00,0.00,AM,8647976,6756728,43.86,176416,1053824,9233212,59.94,5897728,630104,5760,AM,0,0,0.00,0,0.00
bigdata-proj-m,86,AM,0.00,236.00,2759.00,0.00,7441.00,0.00,0.00,0.00,0.00,AM,8652244,6752460,43.83,176424,1053956,9260668,60.12,5898868,630132,5904,AM,0,0,0.00,0,0.00
bigdata-proj-m,87,AM,0.00,140.00,1872.00,0.00,2017.00,0.00,0.00,0.00,0.00,AM,8650920,6753784,43.84,176424,1054040,9260332,60.11,5899268,630216,5988,AM,0,0,0.00,0,0.00
bigdata-proj-m,88,AM,0.00,136.00,2354.00,0.00,1742.00,0.00,0.00,0.00,0.00,AM,8642420,6762284,43.90,176424,1054048,9260332,60.11,5905744,630224,6008,AM,0,0,0.00,0,0.00
bigdata-proj-m,89,AM,0.00,144.00,930.00,0.00,1263.00,0.00,0.00,0.00,0.00,AM,8643924,6760780,43.89,176424,1054052,9260332,60.11,5905628,630228,6016,AM,0,0,0.00,0,0.00
bigdata-proj-m,90,AM,0.00,1232.00,1670.00,0.00,1867.00,0.00,0.00,0.00,0.00,AM,8645340,6759364,43.88,176424,1054064,9260332,60.11,5905700,630236,4968,AM,0,0,0.00,0,0.00
bigdata-proj-m,91,AM,0.00,224.00,1779.00,0.00,1973.00,0.00,0.00,0.00,0.00,AM,8643992,6760712,43.89,176432,1054068,9260332,60.11,5906052,630244,4984,AM,0,0,0.00,0,0.00
bigdata-proj-m,92,AM,0.00,280.00,3439.00,0.00,4257.00,0.00,0.00,0.00,0.00,AM,8647368,6757336,43.87,176432,1055068,9241916,59.99,5904868,631240,5984,AM,0,0,0.00,0,0.00
bigdata-proj-m,93,AM,0.00,132.00,4021.00,0.00,3019.00,0.00,0.00,0.00,0.00,AM,8636960,6767744,43.93,176432,1055148,9275228,60.21,5911064,631324,6064,AM,0,0,0.00,0,0.00
bigdata-proj-m,94,AM,0.00,16.00,1663.00,0.00,1488.00,0.00,0.00,0.00,0.00,AM,8636964,6767740,43.93,176432,1055148,9275228,60.21,5911268,631324,6064,AM,0,0,0.00,0,0.00
HostName,TimeStamp,AM,pgpgin/s,pgpgout/s,fault/s,majflt/s,pgfree/s,pgscank/s,pgscand/s,pgsteal/s,%vmeff,AM,kbmemfree,kbmemused,%memused,kbbuffers,kbcached,kbcommit,%commit,kbactive,kbinact,kbdirty,AM,kbswpfree,kbswpused,%swpused,kbswpcad,%swpcad
bigdata-proj-w-0,95,AM,0.00,0.00,1353.00,0.00,1204.00,0.00,0.00,0.00,0.00,AM,13055832,2348864,15.25,205588,661848,2300204,14.93,1828332,351728,188,AM,0,0,0.00,0,0.00
bigdata-proj-w-0,96,AM,0.00,0.00,1628.00,0.00,1405.00,0.00,0.00,0.00,0.00,AM,13055864,2348832,15.25,205588,661876,2284908,14.83,1828364,351720,116,AM,0,0,0.00,0,0.00
bigdata-proj-w-0,97,AM,0.00,104.00,1633.00,0.00,1402.00,0.00,0.00,0.00,0.00,AM,13055616,2349080,15.25,205588,661880,2284908,14.83,1828376,351724,220,AM,0,0,0.00,0,0.00
bigdata-proj-w-0,98,AM,0.00,0.00,1624.00,0.00,1422.00,0.00,0.00,0.00,0.00,AM,13056096,2348600,15.25,205588,661880,2284908,14.83,1828384,351724,220,AM,0,0,0.00,0,0.00
bigdata-proj-w-0,99,AM,0.00,196.00,1645.00,0.00,1413.00,0.00,0.00,0.00,0.00,AM,13055980,2348716,15.25,205588,661880,2284908,14.83,1828384,351724,40,AM,0,0,0.00,0,0.00
bigdata-proj-w-0,100,AM,0.00,0.00,3266.00,0.00,3664.00,0.00,0.00,0.00,0.00,AM,13058632,2346064,15.23,205588,663020,2260436,14.67,1827412,352856,1224,AM,0,0,0.00,0,0.00
bigdata-proj-w-0,101,AM,0.00,0.00,25422.00,0.00,4184.00,0.00,0.00,0.00,0.00,AM,12976320,2428376,15.76,205596,663508,2572260,16.70,1906160,353328,1716,AM,0,0,0.00,0,0.00
bigdata-proj-w-0,102,AM,0.00,264.00,17645.00,0.00,2573.00,0.00,0.00,0.00,0.00,AM,12918024,2486672,16.14,205596,663500,2673524,17.36,1964044,353320,1956,AM,0,0,0.00,0,0.00
bigdata-proj-w-0,103,AM,0.00,0.00,30364.00,0.00,3166.00,0.00,0.00,0.00,0.00,AM,12810236,2594460,16.84,205596,663500,2675908,17.37,2071500,353320,1956,AM,0,0,0.00,0,0.00
bigdata-proj-w-0,104,AM,0.00,1896.00,33495.00,0.00,2117.00,0.00,0.00,0.00,0.00,AM,12685208,2719488,17.65,205600,663500,2723056,17.68,2196596,353148,48,AM,0,0,0.00,0,0.00
bigdata-proj-w-0,105,AM,0.00,252.00,10927.00,0.00,2676.00,0.00,0.00,0.00,0.00,AM,12654992,2749704,17.85,205608,663664,3207716,20.82,2225404,353304,324,AM,0,0,0.00,0,0.00
bigdata-proj-w-0,106,AM,0.00,268.00,31072.00,0.00,7024.00,0.00,0.00,0.00,0.00,AM,12561784,2842912,18.45,205608,664704,3204020,20.80,2319152,354340,1372,AM,0,0,0.00,0,0.00
bigdata-proj-w-0,107,AM,0.00,0.00,22150.00,0.00,2821.00,0.00,0.00,0.00,0.00,AM,12485012,2919684,18.95,205608,664760,3320452,21.55,2393264,354396,1520,AM,0,0,0.00,0,0.00
bigdata-proj-w-0,108,AM,0.00,360.00,38479.00,0.00,3013.00,0.00,0.00,0.00,0.00,AM,12342664,3062032,19.88,205608,664852,3485112,22.62,2534620,354468,1556,AM,0,0,0.00,0,0.00
bigdata-proj-w-0,109,AM,0.00,0.00,15314.00,0.00,2064.00,0.00,0.00,0.00,0.00,AM,12292104,3112592,20.21,205608,664852,3760836,24.41,2585332,354456,1556,AM,0,0,0.00,0,0.00
bigdata-proj-w-0,110,AM,0.00,168.00,2473.00,0.00,3147.00,0.00,0.00,0.00,0.00,AM,12293848,3110848,20.19,205612,664860,3760836,24.41,2582552,354464,1568,AM,0,0,0.00,0,0.00
bigdata-proj-w-0,111,AM,0.00,0.00,1648.00,0.00,1459.00,0.00,0.00,0.00,0.00,AM,12293852,3110844,20.19,205612,664864,3760836,24.41,2582660,354440,1572,AM,0,0,0.00,0,0.00
bigdata-proj-w-0,112,AM,0.00,148.00,5176.00,0.00,4252.00,0.00,0.00,0.00,0.00,AM,12283860,3120836,20.26,205624,665868,3732380,24.23,2588704,355440,2568,AM,0,0,0.00,0,0.00
bigdata-proj-w-0,113,AM,0.00,0.00,51995.00,0.00,8625.00,0.00,0.00,0.00,0.00,AM,12085044,3319652,21.55,205624,665868,3835796,24.90,2786212,355440,2568,AM,0,0,0.00,0,0.00
bigdata-proj-w-0,114,AM,0.00,0.00,31161.00,0.00,11724.00,0.00,0.00,0.00,0.00,AM,11966408,3438288,22.32,205624,665924,3966512,25.75,2904192,355496,2624,AM,0,0,0.00,0,0.00
bigdata-proj-w-0,115,AM,0.00,2220.00,8091.00,0.00,4527.00,0.00,0.00,0.00,0.00,AM,11931504,3473192,22.55,205624,667556,3966512,25.75,2929324,357116,2672,AM,0,0,0.00,0,0.00
bigdata-proj-w-0,116,AM,0.00,588.00,2418.00,0.00,1525.00,0.00,0.00,0.00,0.00,AM,11928480,3476216,22.57,205632,667652,3966512,25.75,2932580,357208,2708,AM,0,0,0.00,0,0.00
bigdata-proj-w-0,117,AM,0.00,1340.00,1998.00,0.00,1672.00,0.00,0.00,0.00,0.00,AM,11927020,3477676,22.58,205656,667676,3986660,25.88,2933876,357260,2756,AM,0,0,0.00,0,0.00
bigdata-proj-w-0,118,AM,0.00,1444.00,34692.00,0.00,3875.00,0.00,0.00,0.00,0.00,AM,11805084,3599612,23.37,205672,668988,4117852,26.73,3058192,358540,3844,AM,0,0,0.00,0,0.00
bigdata-proj-w-0,119,AM,0.00,1756.00,3072.00,0.00,2324.00,0.00,0.00,0.00,0.00,AM,11800896,3603800,23.39,205688,669208,4142892,26.89,3060396,358752,3904,AM,0,0,0.00,0,0.00
bigdata-proj-w-0,120,AM,0.00,2076.00,2573.00,0.00,3359.00,0.00,0.00,0.00,0.00,AM,11804424,3600272,23.37,205716,669512,4163172,27.03,3058508,359060,3932,AM,0,0,0.00,0,0.00
bigdata-proj-w-0,121,AM,0.00,2148.00,13790.00,0.00,2983.00,0.00,0.00,0.00,0.00,AM,11762044,3642652,23.65,205736,669772,4163172,27.03,3099060,359300,4028,AM,0,0,0.00,0,0.00
bigdata-proj-w-0,122,AM,0.00,1604.00,1766.00,0.00,1739.00,0.00,0.00,0.00,0.00,AM,11762420,3642276,23.64,205752,670088,4163172,27.03,3099332,359584,4024,AM,0,0,0.00,0,0.00
bigdata-proj-w-0,123,AM,0.00,2044.00,2615.00,0.00,1863.00,0.00,0.00,0.00,0.00,AM,11760064,3644632,23.66,205784,670356,4163172,27.03,3103328,359848,4120,AM,0,0,0.00,0,0.00
bigdata-proj-w-0,124,AM,0.00,1728.00,31679.00,0.00,4016.00,0.00,0.00,0.00,0.00,AM,11649864,3754832,24.37,205808,671776,4274124,27.75,3215420,361196,5184,AM,0,0,0.00,0,0.00
bigdata-proj-w-0,125,AM,0.00,2364.00,2608.00,0.00,2012.00,0.00,0.00,0.00,0.00,AM,11647508,3757188,24.39,205812,671788,4297348,27.90,3217380,361336,5020,AM,0,0,0.00,0,0.00
bigdata-proj-w-0,126,AM,0.00,2144.00,462.00,0.00,1099.00,0.00,0.00,0.00,0.00,AM,11646288,3758408,24.40,205816,672332,4295836,27.89,3217652,361828,5176,AM,0,0,0.00,0,0.00
bigdata-proj-w-0,127,AM,0.00,2160.00,11992.00,0.00,1879.00,0.00,0.00,0.00,0.00,AM,11605972,3798724,24.66,205836,672616,4312500,27.99,3258872,362096,5216,AM,0,0,0.00,0,0.00
bigdata-proj-w-0,128,AM,0.00,2544.00,1820.00,0.00,2224.00,0.00,0.00,0.00,0.00,AM,11604384,3800312,24.67,205856,672888,4312500,27.99,3259736,362428,5064,AM,0,0,0.00,0,0.00
bigdata-proj-w-0,129,AM,0.00,1984.00,1797.00,0.00,1806.00,0.00,0.00,0.00,0.00,AM,11596912,3807784,24.72,205892,673116,4312500,27.99,3260304,362652,5092,AM,0,0,0.00,0,0.00
bigdata-proj-w-0,130,AM,0.00,2196.00,26344.00,0.00,1914.00,0.00,0.00,0.00,0.00,AM,11496212,3908484,25.37,205908,673524,4400256,28.56,3359256,363008,5128,AM,0,0,0.00,0,0.00
bigdata-proj-w-0,131,AM,0.00,2436.00,3446.00,0.00,4128.00,0.00,0.00,0.00,0.00,AM,11499192,3905504,25.35,205944,674920,4373028,28.39,3358660,364340,6276,AM,0,0,0.00,0,0.00
bigdata-proj-w-0,132,AM,0.00,2144.00,2901.00,0.00,2371.00,0.00,0.00,0.00,0.00,AM,11496012,3908684,25.37,205960,675288,4392852,28.52,3360228,364668,6328,AM,0,0,0.00,0,0.00
bigdata-proj-w-0,133,AM,0.00,2544.00,6497.00,0.00,2234.00,0.00,0.00,0.00,0.00,AM,11476564,3928132,25.50,205988,675576,4392852,28.52,3379620,365028,6304,AM,0,0,0.00,0,0.00
bigdata-proj-w-0,134,AM,0.00,1648.00,1675.00,0.00,1785.00,0.00,0.00,0.00,0.00,AM,11476796,3927900,25.50,206028,675808,4392852,28.52,3379876,365300,6212,AM,0,0,0.00,0,0.00
bigdata-proj-w-0,135,AM,0.00,2048.00,1696.00,0.00,1822.00,0.00,0.00,0.00,0.00,AM,11477704,3926992,25.49,206040,676116,4392852,28.52,3380164,365592,6168,AM,0,0,0.00,0,0.00
bigdata-proj-w-0,136,AM,0.00,1996.00,1715.00,0.00,1845.00,0.00,0.00,0.00,0.00,AM,11478904,3925792,25.48,206052,676444,4392852,28.52,3380396,365900,6224,AM,0,0,0.00,0,0.00
bigdata-proj-w-0,137,AM,0.00,1932.00,19895.00,0.00,4174.00,0.00,0.00,0.00,0.00,AM,11416320,3988376,25.89,206072,677700,4437468,28.81,3442640,367144,7232,AM,0,0,0.00,0,0.00
bigdata-proj-w-0,138,AM,0.00,1996.00,2837.00,0.00,2396.00,0.00,0.00,0.00,0.00,AM,11412572,3992124,25.91,206084,678004,4467644,29.00,3444068,367412,7336,AM,0,0,0.00,0,0.00
bigdata-proj-w-0,139,AM,0.00,2624.00,1804.00,0.00,2224.00,0.00,0.00,0.00,0.00,AM,11414356,3990340,25.90,206108,678180,4467644,29.00,3444556,367712,7176,AM,0,0,0.00,0,0.00
bigdata-proj-w-0,140,AM,0.00,5008.00,1708.00,0.00,1912.00,0.00,0.00,0.00,0.00,AM,11409220,3995476,25.94,206128,678516,4467644,29.00,3444892,368008,4560,AM,0,0,0.00,0,0.00
bigdata-proj-w-0,141,AM,0.00,2188.00,8652.00,0.00,1950.00,0.00,0.00,0.00,0.00,AM,11383056,4021640,26.11,206156,678944,4467644,29.00,3472828,368416,4740,AM,0,0,0.00,0,0.00
bigdata-proj-w-0,142,AM,0.00,2152.00,1697.00,0.00,1923.00,0.00,0.00,0.00,0.00,AM,11376816,4027880,26.15,206172,679396,4467644,29.00,3473288,368820,4868,AM,0,0,0.00,0,0.00
bigdata-proj-w-0,143,AM,0.00,2228.00,3434.00,0.00,4132.00,0.00,0.00,0.00,0.00,AM,11377524,4027172,26.14,206220,680728,4447476,28.87,3472552,370132,5964,AM,0,0,0.00,0,0.00
bigdata-proj-w-0,144,AM,0.00,1920.00,2823.00,0.00,2472.00,0.00,0.00,0.00,0.00,AM,11375068,4029628,26.16,206248,681132,4476908,29.06,3473960,370536,6040,AM,0,0,0.00,0,0.00
bigdata-proj-w-0,145,AM,0.00,3868.00,13275.00,0.00,2330.00,0.00,0.00,0.00,0.00,AM,11328004,4076692,26.46,206272,681036,4544644,29.50,3520384,370584,4928,AM,0,0,0.00,0,0.00
bigdata-proj-w-0,146,AM,0.00,2120.00,1650.00,0.00,1940.00,0.00,0.00,0.00,0.00,AM,11329460,4075236,26.45,206296,681564,4544644,29.50,3520548,371008,4912,AM,0,0,0.00,0,0.00
bigdata-proj-w-0,147,AM,0.00,1576.00,1655.00,0.00,1757.00,0.00,0.00,0.00,0.00,AM,11329936,4074760,26.45,206308,681712,4544644,29.50,3520628,371164,4924,AM,0,0,0.00,0,0.00
bigdata-proj-w-0,148,AM,0.00,2132.00,1677.00,0.00,1937.00,0.00,0.00,0.00,0.00,AM,11331848,4072848,26.44,206332,682128,4544644,29.50,3520764,371536,4984,AM,0,0,0.00,0,0.00
bigdata-proj-w-0,149,AM,0.00,2448.00,8418.00,0.00,4114.00,0.00,0.00,0.00,0.00,AM,11312108,4092588,26.57,206372,683556,4512328,29.29,3539988,372936,6052,AM,0,0,0.00,0,0.00
bigdata-proj-w-0,150,AM,0.00,3480.00,2822.00,0.00,2535.00,0.00,0.00,0.00,0.00,AM,11309552,4095144,26.58,206420,683988,4538648,29.46,3541548,373332,5316,AM,0,0,0.00,0,0.00
bigdata-proj-w-0,151,AM,0.00,2964.00,1800.00,0.00,2438.00,0.00,0.00,0.00,0.00,AM,11308820,4095876,26.59,206504,684036,4538648,29.46,3542176,373532,4812,AM,0,0,0.00,0,0.00
bigdata-proj-w-0,152,AM,0.00,2080.00,11729.00,0.00,1877.00,0.00,0.00,0.00,0.00,AM,11270988,4133708,26.83,206536,684308,4597832,29.85,3582332,373768,4900,AM,0,0,0.00,0,0.00
bigdata-proj-w-0,153,AM,0.00,2172.00,1652.00,0.00,1956.00,0.00,0.00,0.00,0.00,AM,11268384,4136312,26.85,206564,684732,4597832,29.85,3582544,374168,4928,AM,0,0,0.00,0,0.00
bigdata-proj-w-0,154,AM,0.00,2404.00,1677.00,0.00,1979.00,0.00,0.00,0.00,0.00,AM,11269528,4135168,26.84,206588,685212,4597832,29.85,3582828,374548,5068,AM,0,0,0.00,0,0.00
bigdata-proj-w-0,155,AM,0.00,2192.00,3401.00,0.00,4117.00,0.00,0.00,0.00,0.00,AM,11262748,4141948,26.89,206624,686744,4570968,29.67,3582044,375872,5948,AM,0,0,0.00,0,0.00
bigdata-proj-w-0,156,AM,0.00,2180.00,7837.00,0.00,2409.00,0.00,0.00,0.00,0.00,AM,11240388,4164308,27.03,206644,687020,4590656,29.80,3603440,376300,6220,AM,0,0,0.00,0,0.00
bigdata-proj-w-0,157,AM,0.00,2548.00,1668.00,0.00,2255.00,0.00,0.00,0.00,0.00,AM,11239452,4165244,27.04,206664,687108,4590656,29.80,3603456,376472,6084,AM,0,0,0.00,0,0.00
bigdata-proj-w-0,158,AM,0.00,2404.00,1627.00,0.00,2044.00,0.00,0.00,0.00,0.00,AM,11241608,4163088,27.02,206680,687272,4590656,29.80,3603392,376764,5896,AM,0,0,0.00,0,0.00
bigdata-proj-w-0,159,AM,0.00,2124.00,1683.00,0.00,1931.00,0.00,0.00,0.00,0.00,AM,11243120,4161576,27.01,206700,687696,4590656,29.80,3603528,377132,5968,AM,0,0,0.00,0,0.00
bigdata-proj-w-0,160,AM,0.00,2240.00,713.00,0.00,770.00,0.00,0.00,0.00,0.00,AM,11240776,4163920,27.03,206716,688124,4590656,29.80,3604088,377552,6124,AM,0,0,0.00,0,0.00
bigdata-proj-w-0,161,AM,0.00,3220.00,12365.00,0.00,3903.00,0.00,0.00,0.00,0.00,AM,11206392,4198304,27.25,206728,689136,4623756,30.02,3641300,378508,6120,AM,0,0,0.00,0,0.00
bigdata-proj-w-0,162,AM,0.00,2108.00,2778.00,0.00,2433.00,0.00,0.00,0.00,0.00,AM,11204728,4199968,27.26,206744,689676,4650832,30.19,3642328,378980,6264,AM,0,0,0.00,0,0.00
bigdata-proj-w-0,163,AM,0.00,2168.00,1678.00,0.00,1965.00,0.00,0.00,0.00,0.00,AM,11206104,4198592,27.26,206764,690012,4650832,30.19,3642604,379332,6332,AM,0,0,0.00,0,0.00
bigdata-proj-w-0,164,AM,0.00,2600.00,1698.00,0.00,2425.00,0.00,0.00,0.00,0.00,AM,11204988,4199708,27.26,206784,690016,4650832,30.19,3642596,379468,6044,AM,0,0,0.00,0,0.00
bigdata-proj-w-0,165,AM,0.00,2188.00,6275.00,0.00,1944.00,0.00,0.00,0.00,0.00,AM,11189288,4215408,27.36,206792,690176,4650832,30.19,3661032,379664,5924,AM,0,0,0.00,0,0.00
bigdata-proj-w-0,166,AM,0.00,3256.00,1694.00,0.00,1940.00,0.00,0.00,0.00,0.00,AM,11187108,4217588,27.38,206812,690524,4650832,30.19,3661172,379992,4904,AM,0,0,0.00,0,0.00
bigdata-proj-w-0,167,AM,0.00,2116.00,2122.00,0.00,2019.00,0.00,0.00,0.00,0.00,AM,11178764,4225932,27.43,206820,691992,4650832,30.19,3661708,381396,5956,AM,0,0,0.00,0,0.00
bigdata-proj-w-0,168,AM,0.00,2160.00,3030.00,0.00,4058.00,0.00,0.00,0.00,0.00,AM,11183304,4221392,27.40,206848,692240,4627548,30.04,3660516,381676,6056,AM,0,0,0.00,0,0.00
bigdata-proj-w-0,169,AM,0.00,1988.00,2827.00,0.00,2380.00,0.00,0.00,0.00,0.00,AM,11180720,4223976,27.42,206860,692788,4649984,30.19,3662012,382180,6232,AM,0,0,0.00,0,0.00
bigdata-proj-w-0,170,AM,0.00,2172.00,7131.00,0.00,1915.00,0.00,0.00,0.00,0.00,AM,11157872,4246824,27.57,206868,693216,4689236,30.44,3684008,382588,6256,AM,0,0,0.00,0,0.00
bigdata-proj-w-0,171,AM,0.00,3540.00,1683.00,0.00,1901.00,0.00,0.00,0.00,0.00,AM,11158672,4246024,27.56,206884,693588,4689236,30.44,3684232,382920,5040,AM,0,0,0.00,0,0.00
bigdata-proj-w-0,172,AM,0.00,2756.00,1699.00,0.00,2423.00,0.00,0.00,0.00,0.00,AM,11158144,4246552,27.57,206908,693524,4689236,30.44,3684376,382972,4960,AM,0,0,0.00,0,0.00
bigdata-proj-w-0,173,AM,0.00,2104.00,1666.00,0.00,1883.00,0.00,0.00,0.00,0.00,AM,11156176,4248520,27.58,206928,693716,4689236,30.44,3684604,383176,4908,AM,0,0,0.00,0,0.00
bigdata-proj-w-0,174,AM,0.00,2212.00,3333.00,0.00,4061.00,0.00,0.00,0.00,0.00,AM,11159460,4245236,27.56,206928,695096,4654412,30.21,3683548,384504,5960,AM,0,0,0.00,0,0.00
bigdata-proj-w-0,175,AM,0.00,2044.00,7465.00,0.00,2346.00,0.00,0.00,0.00,0.00,AM,11135936,4268760,27.71,206956,695524,4673720,30.34,3703548,384892,6080,AM,0,0,0.00,0,0.00
bigdata-proj-w-0,176,AM,0.00,3108.00,1662.00,0.00,1854.00,0.00,0.00,0.00,0.00,AM,11136700,4267996,27.71,206964,695988,4673720,30.34,3703688,385304,5128,AM,0,0,0.00,0,0.00
bigdata-proj-w-0,177,AM,0.00,2088.00,1650.00,0.00,2252.00,0.00,0.00,0.00,0.00,AM,11138392,4266304,27.69,206984,696096,4673720,30.34,3703600,385568,4924,AM,0,0,0.00,0,0.00
bigdata-proj-w-0,178,AM,0.00,2392.00,1641.00,0.00,1985.00,0.00,0.00,0.00,0.00,AM,11137548,4267148,27.70,207000,696400,4673720,30.34,3703512,385884,4924,AM,0,0,0.00,0,0.00
bigdata-proj-w-0,179,AM,0.00,2136.00,1673.00,0.00,1887.00,0.00,0.00,0.00,0.00,AM,11131160,4273536,27.74,207012,696592,4673720,30.34,3703736,386040,4952,AM,0,0,0.00,0,0.00
bigdata-proj-w-0,180,AM,0.00,2216.00,10773.00,0.00,4023.00,0.00,0.00,0.00,0.00,AM,11105144,4299552,27.91,207028,698116,4693328,30.47,3732220,387556,6044,AM,0,0,0.00,0,0.00
bigdata-proj-w-0,181,AM,0.00,3156.00,2912.00,0.00,2556.00,0.00,0.00,0.00,0.00,AM,11099344,4305352,27.95,207048,698448,4713720,30.60,3743996,377912,5084,AM,0,0,0.00,0,0.00
bigdata-proj-w-0,182,AM,0.00,1964.00,1744.00,0.00,1864.00,0.00,0.00,0.00,0.00,AM,11099832,4304864,27.95,207060,698968,4713720,30.60,3744364,378364,5180,AM,0,0,0.00,0,0.00
bigdata-proj-w-0,183,AM,0.00,2512.00,1701.00,0.00,2340.00,0.00,0.00,0.00,0.00,AM,11099612,4305084,27.95,207096,699024,4713720,30.60,3744656,378548,4980,AM,0,0,0.00,0,0.00
bigdata-proj-w-0,184,AM,0.00,2016.00,1709.00,0.00,1855.00,0.00,0.00,0.00,0.00,AM,11100544,4304152,27.94,207116,699272,4713720,30.60,3744872,378836,4932,AM,0,0,0.00,0,0.00
bigdata-proj-w-0,185,AM,0.00,2016.00,1847.00,0.00,1836.00,0.00,0.00,0.00,0.00,AM,11100564,4304132,27.94,207144,699564,4713720,30.60,3745704,379108,4948,AM,0,0,0.00,0,0.00
bigdata-proj-w-0,186,AM,0.00,2552.00,3372.00,0.00,4173.00,0.00,0.00,0.00,0.00,AM,11104216,4300480,27.92,207164,701100,4685304,30.41,3744508,380588,6056,AM,0,0,0.00,0,0.00
bigdata-proj-w-0,187,AM,0.00,2624.00,2805.00,0.00,2461.00,0.00,0.00,0.00,0.00,AM,11099168,4305528,27.95,207188,701372,4712172,30.59,3746472,380828,6076,AM,0,0,0.00,0,0.00
bigdata-proj-w-0,188,AM,0.00,2368.00,1807.00,0.00,2730.00,0.00,0.00,0.00,0.00,AM,11100372,4304324,27.94,207200,702940,4712172,30.59,3746756,382440,7292,AM,0,0,0.00,0,0.00
bigdata-proj-w-0,189,AM,0.00,196.00,6698.00,0.00,1918.00,0.00,0.00,0.00,0.00,AM,11082308,4322388,28.06,207200,702784,4689388,30.44,3767408,381384,7112,AM,0,0,0.00,0,0.00
HostName,TimeStamp,AM,pgpgin/s,pgpgout/s,fault/s,majflt/s,pgfree/s,pgscank/s,pgscand/s,pgsteal/s,%vmeff,AM,kbmemfree,kbmemused,%memused,kbbuffers,kbcached,kbcommit,%commit,kbactive,kbinact,kbdirty,AM,kbswpfree,kbswpused,%swpused,kbswpcad,%swpcad
bigdata-proj-w-1,190,AM,4680.00,0.00,779.00,2.00,538.00,0.00,0.00,0.00,0.00,AM,13100500,2304204,14.96,204452,615836,2380096,15.45,1840460,289828,30048,AM,0,0,0.00,0,0.00
bigdata-proj-w-1,191,AM,0.00,0.00,1637.00,0.00,1360.00,0.00,0.00,0.00,0.00,AM,13099912,2304792,14.96,204452,615844,2380096,15.45,1840580,289852,30056,AM,0,0,0.00,0,0.00
bigdata-proj-w-1,192,AM,0.00,0.00,1631.00,0.00,1369.00,0.00,0.00,0.00,0.00,AM,13099664,2305040,14.96,204452,615848,2380096,15.45,1840616,289856,30060,AM,0,0,0.00,0,0.00
bigdata-proj-w-1,193,AM,0.00,2500.00,1624.00,0.00,1376.00,0.00,0.00,0.00,0.00,AM,13099192,2305512,14.97,204452,615848,2380096,15.45,1840640,289856,28548,AM,0,0,0.00,0,0.00
bigdata-proj-w-1,194,AM,0.00,0.00,1637.00,0.00,1354.00,0.00,0.00,0.00,0.00,AM,13099688,2305016,14.96,204452,615848,2380096,15.45,1840640,289856,28548,AM,0,0,0.00,0,0.00
bigdata-proj-w-1,195,AM,516.00,3576.00,3115.00,4.00,1681.00,0.00,0.00,0.00,0.00,AM,13090468,2314236,15.02,204504,621052,2380096,15.45,1844760,294756,29716,AM,0,0,0.00,0,0.00
bigdata-proj-w-1,196,AM,2424.00,0.00,2076.00,26.00,3351.00,0.00,0.00,0.00,0.00,AM,13086784,2317920,15.05,205240,630536,2363220,15.34,1843344,301616,36432,AM,0,0,0.00,0,0.00
bigdata-proj-w-1,197,AM,0.00,0.00,2764.00,0.00,1855.00,0.00,0.00,0.00,0.00,AM,13083160,2321544,15.07,205240,630744,2372268,15.40,1844756,301668,36576,AM,0,0,0.00,0,0.00
bigdata-proj-w-1,198,AM,0.00,1160.00,3032.00,0.00,2446.00,0.00,0.00,0.00,0.00,AM,13082232,2322472,15.08,205240,630744,2372268,15.40,1845000,301556,37724,AM,0,0,0.00,0,0.00
bigdata-proj-w-1,199,AM,0.00,0.00,1642.00,0.00,1362.00,0.00,0.00,0.00,0.00,AM,13082464,2322240,15.07,205240,630744,2387320,15.50,1844916,301556,37724,AM,0,0,0.00,0,0.00
bigdata-proj-w-1,200,AM,0.00,172.00,1693.00,0.00,1376.00,0.00,0.00,0.00,0.00,AM,13082108,2322596,15.08,205244,630740,2387320,15.50,1845196,301556,37724,AM,0,0,0.00,0,0.00
bigdata-proj-w-1,201,AM,0.00,188.00,23393.00,0.00,4047.00,0.00,0.00,0.00,0.00,AM,13008184,2396520,15.56,205256,631144,2843548,18.46,1918336,301948,38208,AM,0,0,0.00,0,0.00
bigdata-proj-w-1,202,AM,60.00,0.00,20279.00,0.00,3212.00,0.00,0.00,0.00,0.00,AM,12940232,2464472,16.00,205336,635084,2933860,19.05,1982548,305564,41632,AM,0,0,0.00,0,0.00
bigdata-proj-w-1,203,AM,1568.00,636.00,38109.00,0.00,4976.00,0.00,0.00,0.00,0.00,AM,12792580,2612124,16.96,205396,650668,3095192,20.09,2117656,318452,55688,AM,0,0,0.00,0,0.00
bigdata-proj-w-1,204,AM,0.00,28.00,2816.00,0.00,1866.00,0.00,0.00,0.00,0.00,AM,12788596,2616108,16.98,205396,650720,3123204,20.27,2119120,318508,55712,AM,0,0,0.00,0,0.00
bigdata-proj-w-1,205,AM,0.00,228.00,23329.00,0.00,2816.00,0.00,0.00,0.00,0.00,AM,12705136,2699568,17.52,205396,650812,3170124,20.58,2200156,318584,55728,AM,0,0,0.00,0,0.00
bigdata-proj-w-1,206,AM,0.00,0.00,38313.00,0.00,2584.00,0.00,0.00,0.00,0.00,AM,12563800,2840904,18.44,205396,650812,3620272,23.50,2340732,318580,55728,AM,0,0,0.00,0,0.00
bigdata-proj-w-1,207,AM,0.00,212.00,5299.00,0.00,3493.00,0.00,0.00,0.00,0.00,AM,12549536,2855168,18.53,205400,650828,3620272,23.50,2349272,318596,55768,AM,0,0,0.00,0,0.00
bigdata-proj-w-1,208,AM,0.00,0.00,52929.00,0.00,10119.00,0.00,0.00,0.00,0.00,AM,12346616,3058088,19.85,205400,650828,3903940,25.34,2548900,318564,55760,AM,0,0,0.00,0,0.00
bigdata-proj-w-1,209,AM,244.00,28356.00,16932.00,0.00,14070.00,0.00,0.00,0.00,0.00,AM,12292308,3112396,20.20,205428,654004,3872276,25.14,2602552,321156,30324,AM,0,0,0.00,0,0.00
bigdata-proj-w-1,210,AM,0.00,2320.00,60967.00,0.00,3845.00,0.00,0.00,0.00,0.00,AM,12054020,3350684,21.75,205436,655656,3907408,25.37,2836240,322844,30448,AM,0,0,0.00,0,0.00
bigdata-proj-w-1,211,AM,0.00,528.00,15176.00,0.00,2976.00,0.00,0.00,0.00,0.00,AM,12007724,3396980,22.05,205444,655780,4240140,27.52,2882456,322968,30520,AM,0,0,0.00,0,0.00
bigdata-proj-w-1,212,AM,0.00,1216.00,2025.00,0.00,1646.00,0.00,0.00,0.00,0.00,AM,12006260,3398444,22.06,205464,655912,4240140,27.52,2884064,323100,30604,AM,0,0,0.00,0,0.00
bigdata-proj-w-1,213,AM,0.00,1292.00,5366.00,0.00,2896.00,0.00,0.00,0.00,0.00,AM,11997088,3407616,22.12,205492,656076,4240140,27.52,2893460,323260,30608,AM,0,0,0.00,0,0.00
bigdata-proj-w-1,214,AM,0.00,1592.00,8421.00,0.00,1752.00,0.00,0.00,0.00,0.00,AM,11971572,3433132,22.29,205504,656404,4240140,27.52,2920732,323544,30716,AM,0,0,0.00,0,0.00
bigdata-proj-w-1,215,AM,0.00,2008.00,21323.00,0.00,4272.00,0.00,0.00,0.00,0.00,AM,11901732,3502972,22.74,205516,657656,4217660,27.38,2991136,324424,31772,AM,0,0,0.00,0,0.00
bigdata-proj-w-1,216,AM,0.00,2100.00,4856.00,0.00,3394.00,0.00,0.00,0.00,0.00,AM,11898208,3506496,22.76,205544,657856,4234344,27.49,2993308,324568,31740,AM,0,0,0.00,0,0.00
bigdata-proj-w-1,217,AM,0.00,1448.00,1747.00,0.00,1678.00,0.00,0.00,0.00,0.00,AM,11898560,3506144,22.76,205556,658192,4234344,27.49,2993744,324896,31896,AM,0,0,0.00,0,0.00
bigdata-proj-w-1,218,AM,0.00,1868.00,13630.00,0.00,2910.00,0.00,0.00,0.00,0.00,AM,11857852,3546852,23.02,205560,658420,4234344,27.49,3035972,325064,31904,AM,0,0,0.00,0,0.00
bigdata-proj-w-1,219,AM,0.00,1680.00,48306.00,0.00,1794.00,0.00,0.00,0.00,0.00,AM,11672380,3732324,24.23,205588,658936,4234344,27.49,3222268,325488,31948,AM,0,0,0.00,0,0.00
bigdata-proj-w-1,220,AM,0.00,2252.00,13214.00,0.00,2213.00,0.00,0.00,0.00,0.00,AM,11624852,3779852,24.54,205612,659012,4593648,29.82,3268128,325712,31864,AM,0,0,0.00,0,0.00
bigdata-proj-w-1,221,AM,0.00,2164.00,3373.00,0.00,2100.00,0.00,0.00,0.00,0.00,AM,11613412,3791292,24.61,205684,660784,4593648,29.82,3272852,327096,33068,AM,0,0,0.00,0,0.00
bigdata-proj-w-1,222,AM,0.00,2148.00,3502.00,0.00,3246.00,0.00,0.00,0.00,0.00,AM,11611692,3793012,24.62,205720,661476,4599996,29.86,3277476,327788,33664,AM,0,0,0.00,0,0.00
bigdata-proj-w-1,223,AM,0.00,2456.00,2279.00,0.00,1934.00,0.00,0.00,0.00,0.00,AM,11607036,3797668,24.65,205728,661712,4626876,30.04,3280116,328160,33556,AM,0,0,0.00,0,0.00
bigdata-proj-w-1,224,AM,0.00,2844.00,10571.00,0.00,1811.00,0.00,0.00,0.00,0.00,AM,11572604,3832100,24.88,205776,661904,4584496,29.76,3315816,328352,32736,AM,0,0,0.00,0,0.00
bigdata-proj-w-1,225,AM,0.00,1996.00,1746.00,0.00,1939.00,0.00,0.00,0.00,0.00,AM,11573328,3831376,24.87,205808,662272,4584496,29.76,3317324,327724,32668,AM,0,0,0.00,0,0.00
bigdata-proj-w-1,226,AM,0.00,2220.00,1727.00,0.00,1993.00,0.00,0.00,0.00,0.00,AM,11574928,3829776,24.86,205820,662856,4584496,29.76,3317960,328152,32832,AM,0,0,0.00,0,0.00
bigdata-proj-w-1,227,AM,0.00,2008.00,1711.00,0.00,1874.00,0.00,0.00,0.00,0.00,AM,11572424,3832280,24.88,205852,662984,4584496,29.76,3318096,328288,32864,AM,0,0,0.00,0,0.00
bigdata-proj-w-1,228,AM,0.00,2452.00,25164.00,0.00,5471.00,0.00,0.00,0.00,0.00,AM,11492924,3911780,25.39,205876,664288,4563616,29.62,3398960,329464,33660,AM,0,0,0.00,0,0.00
bigdata-proj-w-1,229,AM,0.00,11620.00,54269.00,0.00,2314.00,0.00,0.00,0.00,0.00,AM,11286380,4118324,26.73,205908,664500,4964784,32.23,3604028,329656,24000,AM,0,0,0.00,0,0.00
bigdata-proj-w-1,230,AM,0.00,1804.00,2576.00,0.00,1802.00,0.00,0.00,0.00,0.00,AM,11280904,4123800,26.77,205956,664912,5059844,32.85,3607280,330004,23940,AM,0,0,0.00,0,0.00
bigdata-proj-w-1,231,AM,0.00,1860.00,1677.00,0.00,1791.00,0.00,0.00,0.00,0.00,AM,11281668,4123036,26.76,205992,665256,5059844,32.85,3607536,330304,24036,AM,0,0,0.00,0,0.00
bigdata-proj-w-1,232,AM,0.00,1684.00,1652.00,0.00,1736.00,0.00,0.00,0.00,0.00,AM,11282268,4122436,26.76,205996,665512,5059844,32.85,3607668,330544,24208,AM,0,0,0.00,0,0.00
bigdata-proj-w-1,233,AM,0.00,1776.00,1765.00,0.00,1825.00,0.00,0.00,0.00,0.00,AM,11283332,4121372,26.75,206012,665836,5059844,32.85,3608228,330836,24192,AM,0,0,0.00,0,0.00
bigdata-proj-w-1,234,AM,0.00,20380.00,4534.00,0.00,4333.00,0.00,0.00,0.00,0.00,AM,11273284,4131420,26.82,206032,666944,5034264,32.68,3611868,331972,7388,AM,0,0,0.00,0,0.00
bigdata-proj-w-1,235,AM,0.00,2004.00,3668.00,0.00,2374.00,0.00,0.00,0.00,0.00,AM,11267948,4136756,26.85,206048,667316,5061652,32.86,3616776,332292,7508,AM,0,0,0.00,0,0.00
bigdata-proj-w-1,236,AM,0.00,2040.00,1914.00,0.00,1987.00,0.00,0.00,0.00,0.00,AM,11268600,4136104,26.85,206080,667856,5061652,32.86,3620836,329864,7616,AM,0,0,0.00,0,0.00
bigdata-proj-w-1,237,AM,0.00,1996.00,1686.00,0.00,1850.00,0.00,0.00,0.00,0.00,AM,11269360,4135344,26.84,206120,668192,5061652,32.86,3621040,330172,7664,AM,0,0,0.00,0,0.00
bigdata-proj-w-1,238,AM,0.00,2024.00,3155.00,0.00,2922.00,0.00,0.00,0.00,0.00,AM,11266972,4137732,26.86,206136,668596,5061652,32.86,3621672,330496,7748,AM,0,0,0.00,0,0.00
bigdata-proj-w-1,239,AM,0.00,1756.00,1686.00,0.00,1936.00,0.00,0.00,0.00,0.00,AM,11268672,4136032,26.85,206160,668912,5061652,32.86,3621848,330792,7788,AM,0,0,0.00,0,0.00
bigdata-proj-w-1,240,AM,0.00,4700.99,3342.57,0.00,4465.35,0.00,0.00,0.00,0.00,AM,11273832,4130872,26.82,206204,669920,5040924,32.72,3620732,331908,6580,AM,0,0,0.00,0,0.00
bigdata-proj-w-1,241,AM,0.00,1920.00,28346.00,0.00,2344.00,0.00,0.00,0.00,0.00,AM,11167048,4237656,27.51,206216,670192,5062096,32.86,3724212,332152,6652,AM,0,0,0.00,0,0.00
bigdata-proj-w-1,242,AM,0.00,1444.00,60288.00,0.00,1675.00,0.00,0.00,0.00,0.00,AM,10932632,4472072,29.03,206228,670628,5062096,32.86,3958952,332548,6732,AM,0,0,0.00,0,0.00
bigdata-proj-w-1,243,AM,0.00,2080.00,6482.00,0.00,1861.00,0.00,0.00,0.00,0.00,AM,10913704,4491000,29.15,206248,670948,5111152,33.18,3978564,332844,6872,AM,0,0,0.00,0,0.00
bigdata-proj-w-1,244,AM,0.00,2140.00,1644.00,0.00,1866.00,0.00,0.00,0.00,0.00,AM,10912284,4492420,29.16,206284,671356,5111152,33.18,3978616,333176,6856,AM,0,0,0.00,0,0.00
bigdata-proj-w-1,245,AM,0.00,3392.00,1649.00,0.00,1886.00,0.00,0.00,0.00,0.00,AM,10910064,4494640,29.18,206308,671792,5111152,33.18,3978908,333548,5944,AM,0,0,0.00,0,0.00
bigdata-proj-w-1,246,AM,0.00,2736.00,3481.00,0.00,4284.00,0.00,0.00,0.00,0.00,AM,10914516,4490188,29.15,206340,672804,5083120,33.00,3977988,334716,6592,AM,0,0,0.00,0,0.00
bigdata-proj-w-1,247,AM,0.00,1948.00,2822.00,0.00,2254.00,0.00,0.00,0.00,0.00,AM,10904016,4500688,29.22,206356,673240,5121080,33.24,3979380,334852,6552,AM,0,0,0.00,0,0.00
bigdata-proj-w-1,248,AM,0.00,2076.00,3083.00,0.00,2867.00,0.00,0.00,0.00,0.00,AM,10901532,4503172,29.23,206404,673584,5121080,33.24,3979852,335428,6740,AM,0,0,0.00,0,0.00
bigdata-proj-w-1,249,AM,0.00,2168.00,2465.00,0.00,1824.00,0.00,0.00,0.00,0.00,AM,10899780,4504924,29.24,206428,674008,5121080,33.24,3983164,335808,6808,AM,0,0,0.00,0,0.00
bigdata-proj-w-1,250,AM,0.00,3156.00,1707.00,0.00,1780.00,0.00,0.00,0.00,0.00,AM,10900956,4503748,29.24,206444,674292,5121080,33.24,3983648,336056,5748,AM,0,0,0.00,0,0.00
bigdata-proj-w-1,251,AM,0.00,2000.00,1648.00,0.00,1739.00,0.00,0.00,0.00,0.00,AM,10901092,4503612,29.24,206464,674792,5121080,33.24,3983704,336512,5848,AM,0,0,0.00,0,0.00
bigdata-proj-w-1,252,AM,0.00,2452.00,3343.00,0.00,4248.00,0.00,0.00,0.00,0.00,AM,10902560,4502144,29.23,206472,675776,5084416,33.01,3982512,337624,6704,AM,0,0,0.00,0,0.00
bigdata-proj-w-1,253,AM,0.00,2384.00,2777.00,0.00,2426.00,0.00,0.00,0.00,0.00,AM,10901460,4503244,29.23,206508,676168,5108580,33.16,3983832,338044,6680,AM,0,0,0.00,0,0.00
bigdata-proj-w-1,254,AM,0.00,2012.00,1699.00,0.00,1781.00,0.00,0.00,0.00,0.00,AM,10901812,4502892,29.23,206528,676504,5108580,33.16,3984020,338328,6732,AM,0,0,0.00,0,0.00
bigdata-proj-w-1,255,AM,0.00,3836.00,1644.00,0.00,1778.00,0.00,0.00,0.00,0.00,AM,10899824,4504880,29.24,206560,676784,5108580,33.16,3984176,338596,5020,AM,0,0,0.00,0,0.00
bigdata-proj-w-1,256,AM,0.00,1988.00,3933.00,0.00,1890.00,0.00,0.00,0.00,0.00,AM,10888704,4516000,29.32,206596,677392,5108580,33.16,3996320,336212,5224,AM,0,0,0.00,0,0.00
bigdata-proj-w-1,257,AM,0.00,1924.00,8667.00,0.00,1758.00,0.00,0.00,0.00,0.00,AM,10862004,4542700,29.49,206616,677596,5108580,33.16,4024532,336372,5212,AM,0,0,0.00,0,0.00
bigdata-proj-w-1,258,AM,0.00,2036.00,4293.00,0.00,2935.00,0.00,0.00,0.00,0.00,AM,10850912,4553792,29.56,206640,679032,5108580,33.16,4028304,337852,6296,AM,0,0,0.00,0,0.00
bigdata-proj-w-1,259,AM,0.00,2500.00,1186.00,0.00,3268.00,0.00,0.00,0.00,0.00,AM,10857148,4547556,29.52,206672,679264,5085720,33.01,4023848,338136,6260,AM,0,0,0.00,0,0.00
bigdata-proj-w-1,260,AM,0.00,3764.00,2078.00,0.00,2063.00,0.00,0.00,0.00,0.00,AM,10855508,4549196,29.53,206700,679356,5113708,33.20,4024464,338312,4760,AM,0,0,0.00,0,0.00
bigdata-proj-w-1,261,AM,0.00,1908.00,1635.00,0.00,1806.00,0.00,0.00,0.00,0.00,AM,10856572,4548132,29.52,206700,679976,5113708,33.20,4024524,338876,4888,AM,0,0,0.00,0,0.00
bigdata-proj-w-1,262,AM,0.00,1848.00,1688.00,0.00,1776.00,0.00,0.00,0.00,0.00,AM,10854500,4550204,29.54,206712,680264,5113708,33.20,4024744,339140,4976,AM,0,0,0.00,0,0.00
bigdata-proj-w-1,263,AM,0.00,1996.00,1654.00,0.00,1816.00,0.00,0.00,0.00,0.00,AM,10855516,4549188,29.53,206720,680708,5113708,33.20,4024828,339512,5060,AM,0,0,0.00,0,0.00
bigdata-proj-w-1,264,AM,0.00,1760.00,5885.00,0.00,1762.00,0.00,0.00,0.00,0.00,AM,10840516,4564188,29.63,206744,680880,5113708,33.20,4041388,339668,5124,AM,0,0,0.00,0,0.00
bigdata-proj-w-1,265,AM,0.00,3212.00,3347.00,0.00,3993.00,0.00,0.00,0.00,0.00,AM,10843088,4561616,29.61,206764,682496,5085736,33.01,4040740,341188,5304,AM,0,0,0.00,0,0.00
bigdata-proj-w-1,266,AM,0.00,1992.00,2793.00,0.00,2426.00,0.00,0.00,0.00,0.00,AM,10838640,4566064,29.64,206800,682764,5109808,33.17,4048424,335116,5456,AM,0,0,0.00,0,0.00
bigdata-proj-w-1,267,AM,0.00,2492.00,1653.00,0.00,2296.00,0.00,0.00,0.00,0.00,AM,10840344,4564360,29.63,206820,682820,5109808,33.17,4048232,335372,5088,AM,0,0,0.00,0,0.00
bigdata-proj-w-1,268,AM,0.00,1984.00,3051.00,0.00,2937.00,0.00,0.00,0.00,0.00,AM,10838808,4565896,29.64,206836,682768,5109808,33.17,4048332,335332,5140,AM,0,0,0.00,0,0.00
bigdata-proj-w-1,269,AM,0.00,1996.00,1649.00,0.00,1813.00,0.00,0.00,0.00,0.00,AM,10836960,4567744,29.65,206848,683104,5109808,33.17,4048424,335596,5172,AM,0,0,0.00,0,0.00
bigdata-proj-w-1,270,AM,0.00,1956.00,1634.00,0.00,1843.00,0.00,0.00,0.00,0.00,AM,10838808,4565896,29.64,206856,683520,5109808,33.17,4048392,336000,5288,AM,0,0,0.00,0,0.00
bigdata-proj-w-1,271,AM,0.00,1872.00,3351.00,0.00,4005.00,0.00,0.00,0.00,0.00,AM,10834548,4570156,29.67,206856,685024,5077864,32.96,4047376,337396,6376,AM,0,0,0.00,0,0.00
bigdata-proj-w-1,272,AM,0.00,2272.00,3655.00,0.00,2694.00,0.00,0.00,0.00,0.00,AM,10827756,4576948,29.71,206868,685104,5103832,33.13,4051628,337604,6272,AM,0,0,0.00,0,0.00
bigdata-proj-w-1,273,AM,0.00,1976.00,2384.00,0.00,2093.00,0.00,0.00,0.00,0.00,AM,10828480,4576224,29.71,206880,685288,5120040,33.24,4051944,337852,6176,AM,0,0,0.00,0,0.00
bigdata-proj-w-1,274,AM,0.00,1988.00,1652.00,0.00,1805.00,0.00,0.00,0.00,0.00,AM,10829544,4575160,29.70,206916,685808,5120040,33.24,4051960,338288,6304,AM,0,0,0.00,0,0.00
bigdata-proj-w-1,275,AM,0.00,3048.00,1655.00,0.00,1772.00,0.00,0.00,0.00,0.00,AM,10830896,4573808,29.69,206960,686060,5104744,33.14,4052076,338540,5296,AM,0,0,0.00,0,0.00
bigdata-proj-w-1,276,AM,0.00,1988.00,1649.00,0.00,1778.00,0.00,0.00,0.00,0.00,AM,10828492,4576212,29.71,206980,686584,5104744,33.14,4052384,339000,5456,AM,0,0,0.00,0,0.00
bigdata-proj-w-1,277,AM,0.00,1888.00,3356.00,0.00,3960.00,0.00,0.00,0.00,0.00,AM,10831776,4572928,29.69,206992,687852,5087060,33.02,4051204,340316,6416,AM,0,0,0.00,0,0.00
bigdata-proj-w-1,278,AM,0.00,2540.00,4182.00,0.00,3803.00,0.00,0.00,0.00,0.00,AM,10831104,4573600,29.69,207008,688096,5114820,33.20,4052276,340612,6344,AM,0,0,0.00,0,0.00
bigdata-proj-w-1,279,AM,0.00,1816.00,3556.00,0.00,2769.00,0.00,0.00,0.00,0.00,AM,10829060,4575644,29.70,207024,688388,5129672,33.30,4052420,340924,6340,AM,0,0,0.00,0,0.00
bigdata-proj-w-1,280,AM,0.00,2976.00,3501.00,0.00,1737.00,0.00,0.00,0.00,0.00,AM,10822392,4582312,29.75,207040,688668,5129672,33.30,4059652,341188,5268,AM,0,0,0.00,0,0.00
bigdata-proj-w-1,281,AM,0.00,2404.00,1634.00,0.00,1866.00,0.00,0.00,0.00,0.00,AM,10820280,4584424,29.76,207100,689128,5129672,33.30,4059868,341628,5432,AM,0,0,0.00,0,0.00
bigdata-proj-w-1,282,AM,0.00,2460.00,1626.00,0.00,1881.00,0.00,0.00,0.00,0.00,AM,10821688,4583016,29.75,207120,689644,5129672,33.30,4060164,342088,5488,AM,0,0,0.00,0,0.00
bigdata-proj-w-1,283,AM,0.00,2228.00,3489.00,0.00,4965.00,0.00,0.00,0.00,0.00,AM,10822944,4581760,29.74,207136,691880,5099880,33.11,4059280,344336,7528,AM,0,0,0.00,0,0.00
bigdata-proj-w-1,284,AM,0.00,156.00,3018.00,0.00,2264.00,0.00,0.00,0.00,0.00,AM,10807568,4597136,29.84,207136,691844,5121228,33.24,4062312,343308,7432,AM,0,0,0.00,0,0.00
